"family","subfamily","genus","species","author","namePublishedInYear","synonym(s)","source","taxonID","scientificNameID","acceptedNameUsageID","parentNameUsageID","originalNameUsageID","nameAccordingToID","namePublishedInID","taxonConceptID","scientificName","acceptedNameUsage","parentNameUsage","originalNameUsage","nameAccordingTo","namePublishedIn","higherClassification","kingdom","phylum","class","order","subgenus","specificEpithet","infraspecificEpithet","taxonRank","verbatimTaxonRank","scientificNameAuthorship","vernacularName","nomenclaturalCode","taxonomicStatus","nomenclaturalStatus","taxonRemarks","canonicalName","dupe"
"Rhopalopsyllidae","Rhopalopsyllinae","Polygenis","dentei","Guimaráes","1947",NA,NA,1792,NA,NA,"150",NA,NA,NA,NA,"Polygenis dentei Guimaráes, 1947",NA,"Polygenis",NA,NA,NA,NA,"Animalia","Arthropoda","Insecta","Siphonaptera",NA,"dentei",NA,"species",NA,"Guimaráes, 1947",NA,"ICZN","accepted",NA,NA,"Polygenis dentei","dupe"
"Ceratophyllidae","Ceratophyllinae","Ceratophyllus","hirundinis","(Curtis)","1826",NA,NA,2624,NA,NA,"2546",NA,NA,NA,NA,"Ceratophyllus hirundinis (Curtis, 1826)",NA,"Ceratophyllus",NA,NA,NA,NA,"Animalia","Arthropoda","Insecta","Siphonaptera",NA,"hirundinis",NA,"species",NA,"(Curtis, 1826)",NA,"ICZN","accepted",NA,NA,"Ceratophyllus hirundinis","dupe"
"Ceratophyllidae","Ceratophyllinae","Thrassis","acamantis","(Rothschild)","1905",NA,NA,2676,NA,NA,"2554",NA,NA,NA,NA,"Thrassis acamantis (Rothschild, 1905)",NA,"Thrassis",NA,NA,NA,NA,"Animalia","Arthropoda","Insecta","Siphonaptera",NA,"acamantis",NA,"species",NA,"(Rothschild, 1905)",NA,"ICZN","accepted",NA,NA,"Thrassis acamantis","dupe"
"Ctenophthalmidae","Rhadinopsyllinae","Rhadinopsylla","semenovi","Argyropulo","1946",NA,NA,2802,NA,NA,"143",NA,NA,NA,NA,"Rhadinopsylla semenovi Argyropulo, 1946",NA,"Rhadinopsylla",NA,NA,NA,NA,"Animalia","Arthropoda","Insecta","Siphonaptera",NA,"semenovi",NA,"species",NA,"Argyropulo, 1946",NA,"ICZN","accepted",NA,NA,"Rhadinopsylla semenovi","dupe"
"Pulicidae","Xenopsyllinae","Xenopsylla","skrjabini","Ioff","1930",NA,NA,2837,NA,NA,"2582",NA,NA,NA,NA,"Xenopsylla skrjabini Ioff, 1930",NA,"Xenopsylla",NA,NA,NA,NA,"Animalia","Arthropoda","Insecta","Siphonaptera",NA,"skrjabini",NA,"species",NA,"Ioff, 1930",NA,"ICZN","accepted",NA,NA,"Xenopsylla skrjabini","dupe"
"Pulicidae","Archaeopsyllinae","Pulex","canis","(Curtis)","1926","Pulex canis Curtis, 1826 (junior homonym)",NA,3318,NA,"2608","141",NA,NA,NA,NA,"Pulex canis Curtis, 1826","Ctenocephalides canis","Pulex",NA,NA,NA,NA,"Animalia","Arthropoda","Insecta","Siphonaptera",NA,"canis",NA,"species",NA,"Curtis, 1826",NA,"ICZN","synonym",NA,"junior homonym","Pulex canis","dupe"
"Pulicidae","Archaeopsyllinae","Pulex","canis","(Curtis)","1926","Pulex canis Dugès, 1832 (junior homonym)",NA,3319,NA,"2608","141",NA,NA,NA,NA,"Pulex canis Dugès, 1832","Ctenocephalides canis","Pulex",NA,NA,NA,NA,"Animalia","Arthropoda","Insecta","Siphonaptera",NA,"canis",NA,"species",NA,"Dugès, 1832",NA,"ICZN","synonym",NA,"junior homonym","Pulex canis","dupe"
"Ceratophyllidae","Ceratophyllinae","Ceratophyllus","hirundinis","(Curtis)","1826","Ceratophyllus hirundinis Chao, 1947 (junior homonym)",NA,3348,NA,"2624","2546",NA,NA,NA,NA,"Ceratophyllus hirundinis Chao, 1947","Ceratophyllus hirundinis","Ceratophyllus",NA,NA,NA,NA,"Animalia","Arthropoda","Insecta","Siphonaptera",NA,"hirundinis",NA,"species",NA,"Chao, 1947",NA,"ICZN","synonym",NA,"junior homonym","Ceratophyllus hirundinis","dupe"
"Ceratophyllidae","Ceratophyllinae","Ceratophyllus","mokrzeckyi","(Wagner)","1916","Ceratophyllus acutus Baker, 1904",NA,3398,NA,"2651","2546",NA,NA,NA,NA,"Ceratophyllus acutus Baker, 1904","Nosopsyllus mokrzeckyi","Ceratophyllus",NA,NA,NA,NA,"Animalia","Arthropoda","Insecta","Siphonaptera",NA,"acutus",NA,"species",NA,"Baker, 1904",NA,"ICZN","synonym",NA,NA,"Ceratophyllus acutus","dupe"
"Ceratophyllidae","Ceratophyllinae","Oropsylla","mokrzeckyi","(Wagner)","1916","Oropsylla montana mandarina (Jordan & Rothschild, 1911)",NA,3409,NA,"2651","2663",NA,NA,NA,NA,"Oropsylla montana mandarina","Nosopsyllus mokrzeckyi","Oropsylla montana",NA,NA,NA,NA,"Animalia","Arthropoda","Insecta","Siphonaptera",NA,"montana","mandarina","subspecies",NA,NA,NA,"ICZN","synonym",NA,"Jordan & Rothschild, 1911","Oropsylla montana mandarina","dupe"
"Ceratophyllidae","Ceratophyllinae","Ceratophyllus","montana","(Baker)","1895","Ceratophyllus acutus Baker, 1904",NA,3421,NA,"2663","2546",NA,NA,NA,NA,"Ceratophyllus acutus Baker, 1904","Oropsylla montana","Ceratophyllus",NA,NA,NA,NA,"Animalia","Arthropoda","Insecta","Siphonaptera",NA,"acutus",NA,"species",NA,"Baker, 1904",NA,"ICZN","synonym",NA,NA,"Ceratophyllus acutus","dupe"
"Ceratophyllidae","Ceratophyllinae","Oropsylla","montana","(Baker)","1895","Oropsylla montana mandarina (Jordan & Rothschild, 1911)",NA,3428,NA,"2663","2663",NA,NA,NA,NA,"Oropsylla montana mandarina","Oropsylla montana","Oropsylla montana",NA,NA,NA,NA,"Animalia","Arthropoda","Insecta","Siphonaptera",NA,"montana","mandarina","subspecies",NA,NA,NA,"ICZN","synonym",NA,"Jordan & Rothschild, 1911","Oropsylla montana mandarina","dupe"
"Ceratophyllidae","Ceratophyllinae","Thrassis","acamantis","(Rothschild)","1905","Thrassis acamantis Stark, 1970",NA,3444,NA,"2676","2554",NA,NA,NA,NA,"Thrassis acamantis Stark, 1970","Thrassis acamantis","Thrassis",NA,NA,NA,NA,"Animalia","Arthropoda","Insecta","Siphonaptera",NA,"acamantis",NA,"species",NA,"Stark, 1970",NA,"ICZN","synonym",NA,NA,"Thrassis acamantis","dupe"
"Ctenophthalmidae","Ctenophthalminae","Palaeopsylla","aporema","Smit & Rosicky","1976","Palaeopsylla makaluensis Brelih, 1975 (Female)",NA,3482,NA,"2698","85",NA,NA,NA,NA,"Palaeopsylla makaluensis Brelih, 1975","Palaeopsylla aporema","Palaeopsylla",NA,NA,NA,NA,"Animalia","Arthropoda","Insecta","Siphonaptera",NA,"makaluensis",NA,"species",NA,"Brelih, 1975",NA,"ICZN","synonym",NA,"female","Palaeopsylla makaluensis","dupe"
"Ischnopsyllidae","Ischnopsyllinae","Ceratophyllus","hexactenus","(Kolenati)","1856","Ceratophyllus hexactena petropolitana Wagner, 1898",NA,3496,NA,"2709",NA,NA,NA,NA,NA,"Ceratophyllus hexactena petropolitana Wagner, 1898","Ischnopsyllus hexactenus","Ceratophyllus hexactena",NA,NA,NA,NA,"Animalia","Arthropoda","Insecta","Siphonaptera",NA,"hexactena","petropolitana","subspecies",NA,"Wagner, 1898",NA,"ICZN","synonym",NA,NA,"Ceratophyllus hexactena petropolitana","dupe"
"Ischnopsyllidae","Ischnopsyllinae","Ischnopsyllus","hexactenus","(Kolenati)","1856","Ischnopsyllus kolenatii Wagner, 1930",NA,3502,NA,"2709","2560",NA,NA,NA,NA,"Ischnopsyllus kolenatii Wagner, 1930","Ischnopsyllus hexactenus","Ischnopsyllus",NA,NA,NA,NA,"Animalia","Arthropoda","Insecta","Siphonaptera",NA,"kolenatii",NA,"species",NA,"Wagner, 1930",NA,"ICZN","synonym",NA,NA,"Ischnopsyllus kolenatii","dupe"
"Ischnopsyllidae","Ischnopsyllinae","Ischnopsyllus","intermedius","(Rothschild)","1898","Ischnopsyllus schmitzi Oudemans, 1909 (female Ischnopsyllus intermedius)",NA,3504,NA,"2712","2560",NA,NA,NA,NA,"Ischnopsyllus schmitzi Oudemans, 1909","Ischnopsyllus intermedius","Ischnopsyllus",NA,NA,NA,NA,"Animalia","Arthropoda","Insecta","Siphonaptera",NA,"schmitzi",NA,"species",NA,"Oudemans, 1909",NA,"ICZN","synonym",NA,"female Ischnopsyllus intermedius","Ischnopsyllus schmitzi","dupe"
"Ischnopsyllidae","Ischnopsyllinae","Nycteridopsylla","hexactenus","(Kolenati)","1856","Nycteridopsylla bouchei Oudemans, 1906",NA,3509,NA,"2709","2562",NA,NA,NA,NA,"Nycteridopsylla bouchei Oudemans, 1906","Ischnopsyllus hexactenus","Nycteridopsylla",NA,NA,NA,NA,"Animalia","Arthropoda","Insecta","Siphonaptera",NA,"bouchei",NA,"species",NA,"Oudemans, 1906",NA,"ICZN","synonym",NA,NA,"Nycteridopsylla bouchei","dupe"
"Ischnopsyllidae","Ischnopsyllinae","Pulex","hexactenus","(Kolenati)","1856","Pulex vespertilionis Bouché, 1835",NA,3510,NA,"2709","141",NA,NA,NA,NA,"Pulex vespertilionis Bouché, 1835","Ischnopsyllus hexactenus","Pulex",NA,NA,NA,NA,"Animalia","Arthropoda","Insecta","Siphonaptera",NA,"vespertilionis",NA,"species",NA,"Bouché, 1835",NA,"ICZN","synonym",NA,NA,"Pulex vespertilionis","dupe"
"Ischnopsyllidae","Ischnopsyllinae","Pulex","hexactenus","(Kolenati)","1856","Pulex vespertilionis Dugès, 1832",NA,3511,NA,"2709","141",NA,NA,NA,NA,"Pulex vespertilionis Dugès, 1832","Ischnopsyllus hexactenus","Pulex",NA,NA,NA,NA,"Animalia","Arthropoda","Insecta","Siphonaptera",NA,"vespertilionis",NA,"species",NA,"Dugès, 1832",NA,"ICZN","synonym",NA,NA,"Pulex vespertilionis","dupe"
"Leptopsyllidae","Leptopsyllinae","Pulex","segnis","(Schönherr)","1811","Pulex musculi Bouché, 1835 (junior homonym of Pulex musculi Dugès, 1832)",NA,3530,NA,"2732","141",NA,NA,NA,NA,"Pulex musculi Bouché, 1835","Leptopsylla segnis","Pulex",NA,NA,NA,NA,"Animalia","Arthropoda","Insecta","Siphonaptera",NA,"musculi",NA,"species",NA,"Bouché, 1835",NA,"ICZN","synonym",NA,"junior homonym of Pulex musculi Dugès, 1832","Pulex musculi","dupe"
"Leptopsyllidae","Leptopsyllinae","Pulex","segnis","(Schönherr)","1811","Pulex musculi Dugès, 1832",NA,3531,NA,"2732","141",NA,NA,NA,NA,"Pulex musculi Dugès, 1832","Leptopsylla segnis","Pulex",NA,NA,NA,NA,"Animalia","Arthropoda","Insecta","Siphonaptera",NA,"musculi",NA,"species",NA,"Dugès, 1832",NA,"ICZN","synonym",NA,NA,"Pulex musculi","dupe"
"Ctenophthalmidae","Neopsyllinae","Ceratophyllus","honora","Jordan","1932","Ceratophyllus hexactena petropolitana Wagner, 1898",NA,3552,NA,"2748",NA,NA,NA,NA,NA,"Ceratophyllus hexactena petropolitana Wagner, 1898","Neopsylla honora","Ceratophyllus hexactena",NA,NA,NA,NA,"Animalia","Arthropoda","Insecta","Siphonaptera",NA,"hexactena","petropolitana","subspecies",NA,"Wagner, 1898",NA,"ICZN","synonym",NA,NA,"Ceratophyllus hexactena petropolitana","dupe"
"Ctenophthalmidae","Neopsyllinae","Ischnopsyllus","honora","Jordan","1932","Ischnopsyllus kolenatii Wagner, 1930",NA,3553,NA,"2748","2560",NA,NA,NA,NA,"Ischnopsyllus kolenatii Wagner, 1930","Neopsylla honora","Ischnopsyllus",NA,NA,NA,NA,"Animalia","Arthropoda","Insecta","Siphonaptera",NA,"kolenatii",NA,"species",NA,"Wagner, 1930",NA,"ICZN","synonym",NA,NA,"Ischnopsyllus kolenatii","dupe"
"Ctenophthalmidae","Neopsyllinae","Nycteridopsylla","honora","Jordan","1932","Nycteridopsylla bouchei Oudemans, 1906",NA,3558,NA,"2748","2562",NA,NA,NA,NA,"Nycteridopsylla bouchei Oudemans, 1906","Neopsylla honora","Nycteridopsylla",NA,NA,NA,NA,"Animalia","Arthropoda","Insecta","Siphonaptera",NA,"bouchei",NA,"species",NA,"Oudemans, 1906",NA,"ICZN","synonym",NA,NA,"Nycteridopsylla bouchei","dupe"
"Pygiopsyllidae",NA,"Pygiopsylla","hoplia","Jordan & Rothschild","1922","Pygiopsylla congrua Jordan & Rothschild, 1922 (female)",NA,3590,NA,"2773","198",NA,NA,NA,NA,"Pygiopsylla congrua Jordan & Rothschild, 1922","Pygiopsylla hoplia","Pygiopsylla",NA,NA,NA,NA,"Animalia","Arthropoda","Insecta","Siphonaptera",NA,"congrua",NA,"species",NA,"Jordan & Rothschild, 1922",NA,"ICZN","synonym",NA,"female","Pygiopsylla congrua","dupe"
"Pygiopsyllidae",NA,"Pygiopsylla","zethi","(Rothschild)","1904","Pygiopsylla congrua Jordan & Rothschild, 1922 (male)",NA,3591,NA,"2774","198",NA,NA,NA,NA,"Pygiopsylla congrua Jordan & Rothschild, 1922","Pygiopsylla zethi","Pygiopsylla",NA,NA,NA,NA,"Animalia","Arthropoda","Insecta","Siphonaptera",NA,"congrua",NA,"species",NA,"Jordan & Rothschild, 1922",NA,"ICZN","synonym",NA,"male","Pygiopsylla congrua","dupe"
"Pulicidae","Pulicinae","Pulex","irritans","Linnaeus","1758","Pulex iritans fulvus Ioff, 1929",NA,3612,NA,"2788",NA,NA,NA,NA,NA,"Pulex iritans fulvus Ioff, 1929","Pulex irritans","Pulex iritans",NA,NA,NA,NA,"Animalia","Arthropoda","Insecta","Siphonaptera",NA,"iritans","fulvus","subspecies",NA,"Ioff, 1929",NA,"ICZN","synonym",NA,NA,"Pulex iritans fulvus","dupe"
"Pulicidae","Pulicinae","Pulex","irritans","Linnaeus","1758","Pulex iritans fulvus Ioff, 1929",NA,3613,NA,"2788",NA,NA,NA,NA,NA,"Pulex iritans fulvus Ioff, 1929","Pulex irritans","Pulex iritans",NA,NA,NA,NA,"Animalia","Arthropoda","Insecta","Siphonaptera",NA,"iritans","fulvus","subspecies",NA,"Ioff, 1929",NA,"ICZN","synonym",NA,NA,"Pulex iritans fulvus","dupe"
"Ctenophthalmidae","Rhadinopsyllinae","Rhadinopsylla","semenovi","Argyropulo","1946","Rhadinopsylla semenovi Argyropulo, 1941",NA,3636,NA,"2802","143",NA,NA,NA,NA,"Rhadinopsylla semenovi Argyropulo, 1941","Rhadinopsylla semenovi","Rhadinopsylla",NA,NA,NA,NA,"Animalia","Arthropoda","Insecta","Siphonaptera",NA,"semenovi",NA,"species",NA,"Argyropulo, 1941",NA,"ICZN","synonym",NA,NA,"Rhadinopsylla semenovi","dupe"
"Rhopalopsyllidae","Rhopalopsyllinae","Polygenis","pygaerus","(Wagner)","1937","Polygenis dentei Guimarães, 1947",NA,3642,NA,"2808","150",NA,NA,NA,NA,"Polygenis dentei Guimarães, 1947","Polygenis pygaerus","Polygenis",NA,NA,NA,NA,"Animalia","Arthropoda","Insecta","Siphonaptera",NA,"dentei",NA,"species",NA,"Guimarães, 1947",NA,"ICZN","synonym",NA,NA,"Polygenis dentei","dupe"
"Pulicidae","Xenopsyllinae","Xenopsylla","skrjabini","Ioff","1930","Xenopsylla skrjabini Ioff, 1928 (only later 1930 did Ioff describe)",NA,3683,NA,"2837","2582",NA,NA,NA,NA,"Xenopsylla skrjabini Ioff, 1928","Xenopsylla skrjabini","Xenopsylla",NA,NA,NA,NA,"Animalia","Arthropoda","Insecta","Siphonaptera",NA,"skrjabini",NA,"species",NA,"Ioff, 1928",NA,"ICZN","synonym",NA,"only later 1930 did Ioff describe","Xenopsylla skrjabini","dupe"
"Ceratophyllidae","Ceratophyllinae","Ceratophyllus","vagabundus vagabundus","(Boheman)","1866","Ceratophyllus monedulae Wahlgren, 1907",NA,3736,NA,"2864","2546",NA,NA,NA,NA,"Ceratophyllus monedulae Wahlgren, 1907","Ceratophyllus vagabundus vagabundus","Ceratophyllus",NA,NA,NA,NA,"Animalia","Arthropoda","Insecta","Siphonaptera",NA,"monedulae",NA,"species",NA,"Wahlgren, 1907",NA,"ICZN","synonym",NA,NA,"Ceratophyllus monedulae","dupe"
"Ceratophyllidae","Ceratophyllinae","Ischnopsyllus","simplex simplex","(Wagner)","1902","Ischnopsyllus schmitzi Oudemans, 1909",NA,3743,NA,"2868","2560",NA,NA,NA,NA,"Ischnopsyllus schmitzi Oudemans, 1909","Citellophilus simplex simplex","Ischnopsyllus",NA,NA,NA,NA,"Animalia","Arthropoda","Insecta","Siphonaptera",NA,"schmitzi",NA,"species",NA,"Oudemans, 1909",NA,"ICZN","synonym",NA,NA,"Ischnopsyllus schmitzi","dupe"
"Ceratophyllidae","Ceratophyllinae","Ceratophyllus","gallinulae gallinulae","(Dale)","1878","Ceratophyllus monedulae Dale, 1878",NA,3750,NA,"2871","2546",NA,NA,NA,NA,"Ceratophyllus monedulae Dale, 1878","Dasypsyllus gallinulae gallinulae","Ceratophyllus",NA,NA,NA,NA,"Animalia","Arthropoda","Insecta","Siphonaptera",NA,"monedulae",NA,"species",NA,"Dale, 1878",NA,"ICZN","synonym",NA,NA,"Ceratophyllus monedulae","dupe"
"Ctenophthalmidae","Ctenophthalminae","Ctenophthalmus","agyrtes peusianus","Rosicky","1955","Ctenophthalmus agyrtes slovacicus Rosicky, 1951 (partim)",NA,3786,NA,"2890",NA,NA,NA,NA,NA,"Ctenophthalmus agyrtes slovacicus Rosicky, 1951","Ctenophthalmus agyrtes peusianus","Ctenophthalmus agyrtes",NA,NA,NA,NA,"Animalia","Arthropoda","Insecta","Siphonaptera",NA,"agyrtes","slovacicus","subspecies",NA,"Rosicky, 1951",NA,"ICZN","synonym",NA,"partim","Ctenophthalmus agyrtes slovacicus","dupe"
"Ctenophthalmidae","Ctenophthalminae","Ctenophthalmus","agyrtes agyrtes","(Heller)","1896","Ctenophthalmus agyrtes slovacicus Rosicky, 1951 (partim))",NA,3787,NA,"2887",NA,NA,NA,NA,NA,"Ctenophthalmus agyrtes slovacicus Rosicky, 1951 )","Ctenophthalmus agyrtes agyrtes","Ctenophthalmus agyrtes",NA,NA,NA,NA,"Animalia","Arthropoda","Insecta","Siphonaptera",NA,"agyrtes","slovacicus","subspecies",NA,"Rosicky, 1951",NA,"ICZN","synonym",NA,"partim","Ctenophthalmus agyrtes slovacicus","dupe"
"Ctenophthalmidae","Ctenophthalminae","Palaeopsylla","tauberi makaluensis","Brelih","1975","Palaeopsylla makaluensis Brelih, 1975 (Male)",NA,3820,NA,"2916","85",NA,NA,NA,NA,"Palaeopsylla makaluensis Brelih, 1975","Palaeopsylla tauberi makaluensis","Palaeopsylla",NA,NA,NA,NA,"Animalia","Arthropoda","Insecta","Siphonaptera",NA,"makaluensis",NA,"species",NA,"Brelih, 1975",NA,"ICZN","synonym",NA,"male","Palaeopsylla makaluensis","dupe"
"Ctenophthalmidae","Stenoponiinae","Stenoponia","tripectinata","(Tiraboschi)","1902","Stenoponia tripectinata medialis Jordan, 1958 (see Beaucournu, 2013)",NA,3667,NA,"2824","2824",NA,NA,NA,NA,"Stenoponia tripectinata medialis Jordan, 1958 (see Beaucournu, 2013","Stenoponia tripectinata","Stenoponia tripectinata",NA,NA,NA,NA,"Animalia","Arthropoda","Insecta","Siphonaptera",NA,"tripectinata","see","subspecies",NA,"Jordan, 1958 Beaucournu, 2013",NA,"ICZN","synonym",NA,NA,"Stenoponia tripectinata see","dupe"
"Ctenophthalmidae","Stenoponiinae","Stenoponia","tripectinata","(Tiraboschi)","1902","Stenoponia tripectinata separata Jordan, 1958 (see Beaucournu, 2013)",NA,3668,NA,"2824","2824",NA,NA,NA,NA,"Stenoponia tripectinata separata Jordan, 1958 (see Beaucournu, 2013","Stenoponia tripectinata","Stenoponia tripectinata",NA,NA,NA,NA,"Animalia","Arthropoda","Insecta","Siphonaptera",NA,"tripectinata","see","subspecies",NA,"Jordan, 1958 Beaucournu, 2013",NA,"ICZN","synonym",NA,NA,"Stenoponia tripectinata see","dupe"
"Ctenophthalmidae","Stenoponiinae","Stenoponia","tripectinata","(Tiraboschi)","1902","Stenoponia tripectinata spinellosa Jordan, 1958 (see Beaucournu, 2013)",NA,3669,NA,"2824","2824",NA,NA,NA,NA,"Stenoponia tripectinata spinellosa Jordan, 1958 (see Beaucournu, 2013","Stenoponia tripectinata","Stenoponia tripectinata",NA,NA,NA,NA,"Animalia","Arthropoda","Insecta","Siphonaptera",NA,"tripectinata","see","subspecies",NA,"Jordan, 1958 Beaucournu, 2013",NA,"ICZN","synonym",NA,NA,"Stenoponia tripectinata see","dupe"
"Ceratophyllidae","Ceratophyllinae","Trichopsylla ",NA,"Ioff","1936","Trichopsylla Ewing & Fox, 1943 (junior homonym of Trichopsylla Kolenati, 1863)",NA,3211,NA,"2545",NA,NA,NA,NA,NA,"Trichopsylla Ewing & Fox, 1943","Amalaraeus","Ceratophyllinae",NA,NA,NA,NA,"Animalia","Arthropoda","Insecta","Siphonaptera",NA,NA,NA,"genus",NA,"Ewing & Fox, 1943",NA,"ICZN","synonym",NA,"junior homonym of Trichopsylla Kolenati, 1863","Trichopsylla ","dupe"
"Ceratophyllidae","Ceratophyllinae","Trichopsylla ",NA,"Ioff","1936","Trichopsylla Jordan & Rothschild, 1920 (junior homonym of Trichopsylla Kolenati, 1863)",NA,3212,NA,"2545",NA,NA,NA,NA,NA,"Trichopsylla Jordan & Rothschild, 1920","Amalaraeus","Ceratophyllinae",NA,NA,NA,NA,"Animalia","Arthropoda","Insecta","Siphonaptera",NA,NA,NA,"genus",NA,"Jordan & Rothschild, 1920",NA,"ICZN","synonym",NA,"junior homonym of Trichopsylla Kolenati, 1863","Trichopsylla ","dupe"
"Ceratophyllidae","Ceratophyllinae","Trichopsylla ",NA,"Ioff","1936","Trichopsylla Kolenati, 1863",NA,3213,NA,"2545",NA,NA,NA,NA,NA,"Trichopsylla Kolenati, 1863","Amalaraeus","Ceratophyllinae",NA,NA,NA,NA,"Animalia","Arthropoda","Insecta","Siphonaptera",NA,NA,NA,"genus",NA,"Kolenati, 1863",NA,"ICZN","synonym",NA,NA,"Trichopsylla ","dupe"
"Ctenophthalmidae","Ctenophthalminae","Spalacopsylla ",NA,"Kolenati","1856","Spalacopsylla Kolenati, 1856 (junior synonym)",NA,3226,NA,"2555",NA,NA,NA,NA,NA,"Spalacopsylla Kolenati, 1856","Ctenophthalmus","Ctenophthalminae",NA,NA,NA,NA,"Animalia","Arthropoda","Insecta","Siphonaptera",NA,NA,NA,"genus",NA,"Kolenati, 1856",NA,"ICZN","synonym",NA,"junior synonym","Spalacopsylla ","dupe"
"Ctenophthalmidae","Doratopsyllinae","Spalacopsylla ",NA,"Ewing","1925","Spalacopsylla Pinto, 1930",NA,3228,NA,"2557",NA,NA,NA,NA,NA,"Spalacopsylla Pinto, 1930","Adoratopsylla","Doratopsyllinae",NA,NA,NA,NA,"Animalia","Arthropoda","Insecta","Siphonaptera",NA,NA,NA,"genus",NA,"Pinto, 1930",NA,"ICZN","synonym",NA,NA,"Spalacopsylla ","dupe"
"Ischnopsyllidae","Ischnopsyllinae","Spalacopsylla ",NA,"Westwood","1833","Spalacopsylla Oudemans, 1906 (junior synonym)",NA,3234,NA,"2560",NA,NA,NA,NA,NA,"Spalacopsylla Oudemans, 1906","Ischnopsyllus","Ischnopsyllinae",NA,NA,NA,NA,"Animalia","Arthropoda","Insecta","Siphonaptera",NA,NA,NA,"genus",NA,"Oudemans, 1906",NA,"ICZN","synonym",NA,"junior synonym","Spalacopsylla ","dupe"
"Pulicidae","Spilopsyllinae","Acediopsylla ","simplex","(Baker)","1895","Acediopsylla Ewing, 1940",NA,3657,NA,"2819",NA,NA,NA,NA,NA,"Acediopsylla Ewing, 1940","Spilopsyllus simplex","Spilopsyllinae",NA,NA,NA,NA,"Animalia","Arthropoda","Insecta","Siphonaptera",NA,NA,NA,"genus",NA,"Ewing, 1940",NA,"ICZN","synonym",NA,NA,"Acediopsylla","dupe"
"Pulicidae","Spilopsyllinae","Cediopsylla","simplex","(Baker)","1895","Cediopsylla Jordan, 1925",NA,3658,NA,"2819",NA,NA,NA,NA,NA,"Cediopsylla Jordan, 1925","Spilopsyllus simplex","Spilopsyllinae",NA,NA,NA,NA,"Animalia","Arthropoda","Insecta","Siphonaptera",NA,NA,NA,"genus",NA,"Jordan, 1925",NA,"ICZN","synonym",NA,NA,"Cediopsylla","dupe"
"Pulicidae","Spilopsyllinae","Acediopsylla","spillmanni","Jordan","1930","Acediopsylla Ewing, 1940",NA,3659,NA,"2820",NA,NA,NA,NA,NA,"Acediopsylla Ewing, 1940","Spilopsyllus spillmanni","Spilopsyllinae",NA,NA,NA,NA,"Animalia","Arthropoda","Insecta","Siphonaptera",NA,NA,NA,"genus",NA,"Ewing, 1940",NA,"ICZN","synonym",NA,NA,"Acediopsylla","dupe"
"Pulicidae","Spilopsyllinae","Cediopsylla","spillmanni","Jordan","1930","Cediopsylla Jordan, 1925",NA,3660,NA,"2820",NA,NA,NA,NA,NA,"Cediopsylla Jordan, 1925","Spilopsyllus spillmanni","Spilopsyllinae",NA,NA,NA,NA,"Animalia","Arthropoda","Insecta","Siphonaptera",NA,NA,NA,"genus",NA,"Jordan, 1925",NA,"ICZN","synonym",NA,NA,"Cediopsylla","dupe"
"Pulicidae","Spilopsyllinae","Acediopsylla","tepolita","Barrera","1967","Acediopsylla Ewing, 1940",NA,3661,NA,"2821",NA,NA,NA,NA,NA,"Acediopsylla Ewing, 1940","Spilopsyllus tepolita","Spilopsyllinae",NA,NA,NA,NA,"Animalia","Arthropoda","Insecta","Siphonaptera",NA,NA,NA,"genus",NA,"Ewing, 1940",NA,"ICZN","synonym",NA,NA,"Acediopsylla","dupe"
"Pulicidae","Spilopsyllinae","Acediopsylla","inaequalis inaequalis","(Baker)","1895","Acediopsylla Ewing, 1940",NA,3866,NA,"2951",NA,NA,NA,NA,NA,"Acediopsylla Ewing, 1940","Spilopsyllus inaequalis inaequalis","Spilopsyllinae",NA,NA,NA,NA,"Animalia","Arthropoda","Insecta","Siphonaptera",NA,NA,NA,"genus",NA,"Ewing, 1940",NA,"ICZN","synonym",NA,NA,"Acediopsylla","dupe"
"Pulicidae","Spilopsyllinae","Cediopsylla","inaequalis inaequalis","(Baker)","1895","Cediopsylla Jordan, 1925",NA,3867,NA,"2951",NA,NA,NA,NA,NA,"Cediopsylla Jordan, 1925","Spilopsyllus inaequalis inaequalis","Spilopsyllinae",NA,NA,NA,NA,"Animalia","Arthropoda","Insecta","Siphonaptera",NA,NA,NA,"genus",NA,"Jordan, 1925",NA,"ICZN","synonym",NA,NA,"Cediopsylla","dupe"
"Pulicidae","Spilopsyllinae","Acediopsylla","inaequalis interrupta","Jordan","1925","Acediopsylla Ewing, 1940",NA,3868,NA,"2952",NA,NA,NA,NA,NA,"Acediopsylla Ewing, 1940","Spilopsyllus inaequalis interrupta","Spilopsyllinae",NA,NA,NA,NA,"Animalia","Arthropoda","Insecta","Siphonaptera",NA,NA,NA,"genus",NA,"Ewing, 1940",NA,"ICZN","synonym",NA,NA,"Acediopsylla","dupe"
"Pulicidae","Spilopsyllinae","Cediopsylla","inaequalis interrupta","Jordan","1925","Cediopsylla Jordan, 1925",NA,3869,NA,"2952",NA,NA,NA,NA,NA,"Cediopsylla Jordan, 1925","Spilopsyllus inaequalis interrupta","Spilopsyllinae",NA,NA,NA,NA,"Animalia","Arthropoda","Insecta","Siphonaptera",NA,NA,NA,"genus",NA,"Jordan, 1925",NA,"ICZN","synonym",NA,NA,"Cediopsylla","dupe"
"Pulicidae","Archaeopsyllinae","Aphropsylla",NA,"Jordan","1032",NA,NA,30,NA,NA,NA,NA,NA,NA,NA,"Aphropsylla Jordan, 1032",NA,"Archaeopsyllinae",NA,NA,NA,NA,"Animalia","Arthropoda","Insecta","Siphonaptera",NA,NA,NA,"genus",NA,"Jordan, 1032",NA,"ICZN","accepted",NA,NA,"Aphropsylla","bad year"
"Ctenophthalmidae","Ctenophthalminae","Palaeopsylla","obtuspina","Chen, Wei & Li",NA,NA,NA,942,NA,NA,"85",NA,NA,NA,NA,"Palaeopsylla obtuspina Chen, Wei & Li",NA,"Palaeopsylla",NA,NA,NA,NA,"Animalia","Arthropoda","Insecta","Siphonaptera",NA,"obtuspina",NA,"species",NA,"Chen, Wei & Li",NA,"ICZN","accepted",NA,NA,"Palaeopsylla obtuspina","bad year"
"Ceratophyllidae","Ceratophyllinae","Ceratophyllus","hirundinis","(Curtis)","1826","Ceratophyllus pinnatus",NA,3355,NA,"2624","2546",NA,NA,NA,NA,"Ceratophyllus pinnatus","Ceratophyllus hirundinis","Ceratophyllus",NA,NA,NA,NA,"Animalia","Arthropoda","Insecta","Siphonaptera",NA,"pinnatus",NA,"species",NA,NA,NA,"ICZN","synonym",NA,NA,"Ceratophyllus pinnatus","no author"
