"source","taxonID","scientificNameID","acceptedNameUsageID","parentNameUsageID","originalNameUsageID","nameAccordingToID","namePublishedInID","taxonConceptID","scientificName","acceptedNameUsage","parentNameUsage","originalNameUsage","nameAccordingTo","namePublishedIn","namePublishedInYear","higherClassification","kingdom","phylum","class","order","family","genus","subgenus","specificEpithet","infraspecificEpithet","taxonRank","verbatimTaxonRank","scientificNameAuthorship","vernacularName","nomenclaturalCode","taxonomicStatus","nomenclaturalStatus","taxonRemarks","canonicalName"
"FMNH","324",NA,NA,NA,NA,NA,NA,NA,"Vermipsyllidae",NA,NA,NA,NA,NA,NA,NA,"Animalia","Arthropoda","Insecta","Siphonaptera","Vermipsyllidae","Vermipsyllidae",NA,NA,NA,"genus",NA,"",NA,NA,NA,NA,NA,"Vermipsyllidae"
"FMNH","FMNH34",NA,NA,NA,NA,NA,NA,NA,"Ceratophyllus unidentified",NA,NA,NA,NA,NA,NA,NA,"Animalia","Arthropoda","Insecta","Siphonaptera","Ceratophyllidae","Ceratophyllus",NA,NA,NA,"genus",NA,NA,NA,NA,NA,NA,NA,"Ceratophyllus"
"FMNH","FMNH42",NA,NA,NA,NA,NA,NA,NA,"Dactylopsylla unidentified",NA,NA,NA,NA,NA,NA,NA,"Animalia","Arthropoda","Insecta","Siphonaptera","Ceratophyllidae","Dactylopsylla",NA,NA,NA,"genus",NA,NA,NA,NA,NA,NA,NA,"Dactylopsylla"
"FMNH","FMNH46",NA,NA,NA,NA,NA,NA,NA,"Dasypsyllus unidentified",NA,NA,NA,NA,NA,NA,NA,"Animalia","Arthropoda","Insecta","Siphonaptera","Ceratophyllidae","Dasypsyllus",NA,NA,NA,"genus",NA,NA,NA,NA,NA,NA,NA,"Dasypsyllus"
"FMNH","FMNH64",NA,NA,NA,NA,NA,NA,NA,"Foxella unidentified",NA,NA,NA,NA,NA,NA,NA,"Animalia","Arthropoda","Insecta","Siphonaptera","Ceratophyllidae","Foxella",NA,NA,NA,"genus",NA,NA,NA,NA,NA,NA,NA,"Foxella"
"FMNH","FMNH67",NA,NA,NA,NA,NA,NA,NA,"Kohlsia unidentified",NA,NA,NA,NA,NA,NA,NA,"Animalia","Arthropoda","Insecta","Siphonaptera","Ceratophyllidae","Kohlsia",NA,NA,NA,"genus",NA,NA,NA,NA,NA,NA,NA,"Kohlsia"
"FMNH","FMNH69",NA,NA,NA,NA,NA,NA,NA,"Malaraeus unidentified",NA,NA,NA,NA,NA,NA,NA,"Animalia","Arthropoda","Insecta","Siphonaptera","Ceratophyllidae","Malaraeus",NA,NA,NA,"genus",NA,NA,NA,NA,NA,NA,NA,"Malaraeus"
"FMNH","FMNH80",NA,NA,NA,NA,NA,NA,NA,"Opisodasys unidentified",NA,NA,NA,NA,NA,NA,NA,"Animalia","Arthropoda","Insecta","Siphonaptera","Ceratophyllidae","Opisodasys",NA,NA,NA,"genus",NA,NA,NA,NA,NA,NA,NA,"Opisodasys"
"FMNH","FMNH100",NA,NA,NA,NA,NA,NA,NA,"Orchopeas unidentified",NA,NA,NA,NA,NA,NA,NA,"Animalia","Arthropoda","Insecta","Siphonaptera","Ceratophyllidae","Orchopeas",NA,NA,NA,"genus",NA,NA,NA,NA,NA,NA,NA,"Orchopeas"
"FMNH","FMNH102",NA,NA,NA,NA,NA,NA,NA,"Oropsylla (Diamanus) unidentified",NA,NA,NA,NA,NA,NA,NA,"Animalia","Arthropoda","Insecta","Siphonaptera","Ceratophyllidae","Oropsylla","Diamanus",NA,NA,"subgenus",NA,NA,NA,NA,NA,NA,NA,"Diamanus"
"FMNH","FMNH111",NA,NA,NA,NA,NA,NA,NA,"Oropsylla (Opisocrostis) unidentified",NA,NA,NA,NA,NA,NA,NA,"Animalia","Arthropoda","Insecta","Siphonaptera","Ceratophyllidae","Oropsylla","Opisocrostis",NA,NA,"subgenus",NA,NA,NA,NA,NA,NA,NA,"Opisocrostis"
"FMNH","FMNH116",NA,NA,NA,NA,NA,NA,NA,"Oropsylla (Oropsylla) unidentified",NA,NA,NA,NA,NA,NA,NA,"Animalia","Arthropoda","Insecta","Siphonaptera","Ceratophyllidae","Oropsylla","Oropsylla",NA,NA,"subgenus",NA,NA,NA,NA,NA,NA,NA,"Oropsylla"
"FMNH","FMNH119",NA,NA,NA,NA,NA,NA,NA,"Pleochaetis unidentified",NA,NA,NA,NA,NA,NA,NA,"Animalia","Arthropoda","Insecta","Siphonaptera","Ceratophyllidae","Pleochaetis",NA,NA,NA,"genus",NA,NA,NA,NA,NA,NA,NA,"Pleochaetis"
"FMNH","FMNH141",NA,NA,NA,NA,NA,NA,NA,"Thrassis unidentified",NA,NA,NA,NA,NA,NA,NA,"Animalia","Arthropoda","Insecta","Siphonaptera","Ceratophyllidae","Thrassis",NA,NA,NA,"genus",NA,NA,NA,NA,NA,NA,NA,"Thrassis"
"FMNH","FMNH150",NA,NA,NA,NA,NA,NA,NA,"Anomiopsyllus unidentified",NA,NA,NA,NA,NA,NA,NA,"Animalia","Arthropoda","Insecta","Siphonaptera","Hystrichopsyllidae","Anomiopsyllus",NA,NA,NA,"genus",NA,NA,NA,NA,NA,NA,NA,"Anomiopsyllus"
"FMNH","FMNH156",NA,NA,NA,NA,NA,NA,NA,"Atyphloceras unidentified",NA,NA,NA,NA,NA,NA,NA,"Animalia","Arthropoda","Insecta","Siphonaptera","Hystrichopsyllidae","Atyphloceras",NA,NA,NA,"genus",NA,NA,NA,NA,NA,NA,NA,"Atyphloceras"
"FMNH","FMNH168",NA,NA,NA,NA,NA,NA,NA,"Catallagia unidentified",NA,NA,NA,NA,NA,NA,NA,"Animalia","Arthropoda","Insecta","Siphonaptera","Hystrichopsyllidae","Catallagia",NA,NA,NA,"genus",NA,NA,NA,NA,NA,NA,NA,"Catallagia"
"FMNH","FMNH179",NA,NA,NA,NA,NA,NA,NA,"Corypsylla unidentified",NA,NA,NA,NA,NA,NA,NA,"Animalia","Arthropoda","Insecta","Siphonaptera","Hystrichopsyllidae","Corypsylla",NA,NA,NA,"genus",NA,NA,NA,NA,NA,NA,NA,"Corypsylla"
"FMNH","FMNH192",NA,NA,NA,NA,NA,NA,NA,"Hystrichopsylla unidentified",NA,NA,NA,NA,NA,NA,NA,"Animalia","Arthropoda","Insecta","Siphonaptera","Hystrichopsyllidae","Hystrichopsylla",NA,NA,NA,"genus",NA,NA,NA,NA,NA,NA,NA,"Hystrichopsylla"
"FMNH","FMNH202",NA,NA,NA,NA,NA,NA,NA,"Megarthroglossus unidentified",NA,NA,NA,NA,NA,NA,NA,"Animalia","Arthropoda","Insecta","Siphonaptera","Hystrichopsyllidae","Megarthroglossus",NA,NA,NA,"genus",NA,NA,NA,NA,NA,NA,NA,"Megarthroglossus"
"FMNH","FMNH221",NA,NA,NA,NA,NA,NA,NA,"Meringis unidentified",NA,NA,NA,NA,NA,NA,NA,"Animalia","Arthropoda","Insecta","Siphonaptera","Hystrichopsyllidae","Meringis",NA,NA,NA,"genus",NA,NA,NA,NA,NA,NA,NA,"Meringis"
"FMNH","FMNH232",NA,NA,NA,NA,NA,NA,NA,"Neopsylla unidentified",NA,NA,NA,NA,NA,NA,NA,"Animalia","Arthropoda","Insecta","Siphonaptera","Hystrichopsyllidae","Neopsylla",NA,NA,NA,"genus",NA,NA,NA,NA,NA,NA,NA,"Neopsylla"
"FMNH","FMNH236",NA,NA,NA,NA,NA,NA,NA,"Phalacropsylla unidentified",NA,NA,NA,NA,NA,NA,NA,"Animalia","Arthropoda","Insecta","Siphonaptera","Hystrichopsyllidae","Phalacropsylla",NA,NA,NA,"genus",NA,NA,NA,NA,NA,NA,NA,"Phalacropsylla"
"FMNH","FMNH243",NA,NA,NA,NA,NA,NA,NA,"Rhadinopsylla unidentified",NA,NA,NA,NA,NA,NA,NA,"Animalia","Arthropoda","Insecta","Siphonaptera","Hystrichopsyllidae","Rhadinopsylla",NA,NA,NA,"genus",NA,NA,NA,NA,NA,NA,NA,"Rhadinopsylla"
"FMNH","FMNH245",NA,NA,NA,NA,NA,NA,NA,"Stenistomera unidentified",NA,NA,NA,NA,NA,NA,NA,"Animalia","Arthropoda","Insecta","Siphonaptera","Hystrichopsyllidae","Stenistomera",NA,NA,NA,"genus",NA,NA,NA,NA,NA,NA,NA,"Stenistomera"
"FMNH","FMNH247",NA,NA,NA,NA,NA,NA,NA,"Stenoponia unidentified",NA,NA,NA,NA,NA,NA,NA,"Animalia","Arthropoda","Insecta","Siphonaptera","Hystrichopsyllidae","Stenoponia",NA,NA,NA,"genus",NA,NA,NA,NA,NA,NA,NA,"Stenoponia"
"FMNH","FMNH255",NA,NA,NA,NA,NA,NA,NA,"Myodopsylla unidentified",NA,NA,NA,NA,NA,NA,NA,"Animalia","Arthropoda","Insecta","Siphonaptera","Ischnopsyllidae","Myodopsylla",NA,NA,NA,"genus",NA,NA,NA,NA,NA,NA,NA,"Myodopsylla"
"FMNH","FMNH258",NA,NA,NA,NA,NA,NA,NA,"Nycteridopsylla unidentified",NA,NA,NA,NA,NA,NA,NA,"Animalia","Arthropoda","Insecta","Siphonaptera","Ischnopsyllidae","Nycteridopsylla",NA,NA,NA,"genus",NA,NA,NA,NA,NA,NA,NA,"Nycteridopsylla"
"FMNH","FMNH265",NA,NA,NA,NA,NA,NA,NA,"Dolichopsyllus unidentified",NA,NA,NA,NA,NA,NA,NA,"Animalia","Arthropoda","Insecta","Siphonaptera","Leptopsyllidae","Dolichopsyllus",NA,NA,NA,"genus",NA,NA,NA,NA,NA,NA,NA,"Dolichopsyllus"
"FMNH","FMNH270",NA,NA,NA,NA,NA,NA,NA,"Odontopsyllus unidentified",NA,NA,NA,NA,NA,NA,NA,"Animalia","Arthropoda","Insecta","Siphonaptera","Leptopsyllidae","Odontopsyllus",NA,NA,NA,"genus",NA,NA,NA,NA,NA,NA,NA,"Odontopsyllus"
"FMNH","FMNH284",NA,NA,NA,NA,NA,NA,NA,"Peromyscopsylla unidentified",NA,NA,NA,NA,NA,NA,NA,"Animalia","Arthropoda","Insecta","Siphonaptera","Leptopsyllidae","Peromyscopsylla",NA,NA,NA,"genus",NA,NA,NA,NA,NA,NA,NA,"Peromyscopsylla"
"FMNH","FMNH293",NA,NA,NA,NA,NA,NA,NA,"Ctenocephalides unidentified",NA,NA,NA,NA,NA,NA,NA,"Animalia","Arthropoda","Insecta","Siphonaptera","Pulicidae","Ctenocephalides",NA,NA,NA,"genus",NA,NA,NA,NA,NA,NA,NA,"Ctenocephalides"
"FMNH","FMNH300",NA,NA,NA,NA,NA,NA,NA,"Euhoplopsyllus unidentified",NA,NA,NA,NA,NA,NA,NA,"Animalia","Arthropoda","Insecta","Siphonaptera","Pulicidae","Euhoplopsyllus",NA,NA,NA,"genus",NA,NA,NA,NA,NA,NA,NA,"Euhoplopsyllus"
"FMNH","FMNH304",NA,NA,NA,NA,NA,NA,NA,"Hoplopsyllus unidentified",NA,NA,NA,NA,NA,NA,NA,"Animalia","Arthropoda","Insecta","Siphonaptera","Pulicidae","Hoplopsyllus",NA,NA,NA,"genus",NA,NA,NA,NA,NA,NA,NA,"Hoplopsyllus"
"FMNH","FMNH307",NA,NA,NA,NA,NA,NA,NA,"Pulex (Pulex) unidentified",NA,NA,NA,NA,NA,NA,NA,"Animalia","Arthropoda","Insecta","Siphonaptera","Pulicidae","Pulex","Pulex",NA,NA,"subgenus",NA,NA,NA,NA,NA,NA,NA,"Pulex"
"FMNH","FMNH314",NA,NA,NA,NA,NA,NA,NA,"Polygenis (Polygenis) unidentified",NA,NA,NA,NA,NA,NA,NA,"Animalia","Arthropoda","Insecta","Siphonaptera","Rhopalopsyllidae","Polygenis","Polygenis",NA,NA,"subgenus",NA,NA,NA,NA,NA,NA,NA,"Polygenis"
"FMNH","FMNH318",NA,NA,NA,NA,NA,NA,NA,"Rhopalopsyllus unidentified",NA,NA,NA,NA,NA,NA,NA,"Animalia","Arthropoda","Insecta","Siphonaptera","Rhopalopsyllidae","Rhopalopsyllus",NA,NA,NA,"genus",NA,NA,NA,NA,NA,NA,NA,"Rhopalopsyllus"
"FMNH","1",NA,NA,NA,NA,NA,NA,NA,"Aetheca wagneri (Baker, 1904)",NA,NA,NA,NA,NA,NA,NA,"Animalia","Arthropoda","Insecta","Siphonaptera","Ceratophyllidae","Aetheca",NA,"wagneri",NA,"species",NA,"Baker, 1904",NA,NA,NA,NA,NA,"Aetheca wagneri"
"FMNH","2",NA,NA,NA,NA,NA,NA,NA,"Amalaraeus dissimilis athabascae (Holland, 1952)",NA,NA,NA,NA,NA,NA,NA,"Animalia","Arthropoda","Insecta","Siphonaptera","Ceratophyllidae","Amalaraeus",NA,"dissimilis","athabascae","subspecies",NA,"Holland, 1952",NA,NA,NA,NA,NA,"Amalaraeus dissimilis athabascae"
"FMNH","3",NA,NA,NA,NA,NA,NA,NA,"Amalaraeus dissimilis dissimilis (Jordan, 1938)",NA,NA,NA,NA,NA,NA,NA,"Animalia","Arthropoda","Insecta","Siphonaptera","Ceratophyllidae","Amalaraeus",NA,"dissimilis","dissimilis","subspecies",NA,"Jordan, 1938",NA,NA,NA,NA,NA,"Amalaraeus dissimilis dissimilis"
"FMNH","4",NA,NA,NA,NA,NA,NA,NA,"Amalaraeus dobbsi (Hubbard, 1940)",NA,NA,NA,NA,NA,NA,NA,"Animalia","Arthropoda","Insecta","Siphonaptera","Ceratophyllidae","Amalaraeus",NA,"dobbsi",NA,"species",NA,"Hubbard, 1940",NA,NA,NA,NA,NA,"Amalaraeus dobbsi"
"FMNH","5",NA,NA,NA,NA,NA,NA,NA,"Amalaraeus penicilliger penicilliger (Grube, 1851)",NA,NA,NA,NA,NA,NA,NA,"Animalia","Arthropoda","Insecta","Siphonaptera","Ceratophyllidae","Amalaraeus",NA,"penicilliger","penicilliger","subspecies",NA,"Grube, 1851",NA,NA,NA,NA,NA,"Amalaraeus penicilliger penicilliger"
"FMNH","6",NA,NA,NA,NA,NA,NA,NA,"Amaradix bitterrootensis bitterrootensis (Dunn, 1923)",NA,NA,NA,NA,NA,NA,NA,"Animalia","Arthropoda","Insecta","Siphonaptera","Ceratophyllidae","Amaradix",NA,"bitterrootensis","bitterrootensis","subspecies",NA,"Dunn, 1923",NA,NA,NA,NA,NA,"Amaradix bitterrootensis bitterrootensis"
"FMNH","7",NA,NA,NA,NA,NA,NA,NA,"Amaradix bitterrootensis vonfintelis (Prince, 1959)",NA,NA,NA,NA,NA,NA,NA,"Animalia","Arthropoda","Insecta","Siphonaptera","Ceratophyllidae","Amaradix",NA,"bitterrootensis","vonfintelis","subspecies",NA,"Prince, 1959",NA,NA,NA,NA,NA,"Amaradix bitterrootensis vonfintelis"
"FMNH","8",NA,NA,NA,NA,NA,NA,NA,"Amaradix euphorbi (Rothschild, 1905)",NA,NA,NA,NA,NA,NA,NA,"Animalia","Arthropoda","Insecta","Siphonaptera","Ceratophyllidae","Amaradix",NA,"euphorbi",NA,"species",NA,"Rothschild, 1905",NA,NA,NA,NA,NA,"Amaradix euphorbi"
"FMNH","9",NA,NA,NA,NA,NA,NA,NA,"Amphalius runatus necopinus (Jordan, 1925)",NA,NA,NA,NA,NA,NA,NA,"Animalia","Arthropoda","Insecta","Siphonaptera","Ceratophyllidae","Amphalius",NA,"runatus","necopinus","subspecies",NA,"Jordan, 1925",NA,NA,NA,NA,NA,"Amphalius runatus necopinus"
"FMNH","10",NA,NA,NA,NA,NA,NA,NA,"Ceratophyllus (Amonopsyllus) ciliatus ciliatus Baker, 1904",NA,NA,NA,NA,NA,NA,NA,"Animalia","Arthropoda","Insecta","Siphonaptera","Ceratophyllidae","Ceratophyllus","Amonopsyllus","ciliatus","ciliatus","subspecies",NA,"Baker, 1904",NA,NA,NA,NA,NA,"Ceratophyllus ciliatus ciliatus"
"FMNH","11",NA,NA,NA,NA,NA,NA,NA,"Ceratophyllus (Amonopsyllus) ciliatus kincaidi (Hubbard, 1947)",NA,NA,NA,NA,NA,NA,NA,"Animalia","Arthropoda","Insecta","Siphonaptera","Ceratophyllidae","Ceratophyllus","Amonopsyllus","ciliatus","kincaidi","subspecies",NA,"Hubbard, 1947",NA,NA,NA,NA,NA,"Ceratophyllus ciliatus kincaidi"
"FMNH","12",NA,NA,NA,NA,NA,NA,NA,"Ceratophyllus (Amonopsyllus) ciliatus mononis Jordan, 1929",NA,NA,NA,NA,NA,NA,NA,"Animalia","Arthropoda","Insecta","Siphonaptera","Ceratophyllidae","Ceratophyllus","Amonopsyllus","ciliatus","mononis","subspecies",NA,"Jordan, 1929",NA,NA,NA,NA,NA,"Ceratophyllus ciliatus mononis"
"FMNH","13",NA,NA,NA,NA,NA,NA,NA,"Ceratophyllus (Amonopsyllus) ciliatus protinus Jordan, 1929",NA,NA,NA,NA,NA,NA,NA,"Animalia","Arthropoda","Insecta","Siphonaptera","Ceratophyllidae","Ceratophyllus","Amonopsyllus","ciliatus","protinus","subspecies",NA,"Jordan, 1929",NA,NA,NA,NA,NA,"Ceratophyllus ciliatus protinus"
"FMNH","14",NA,NA,NA,NA,NA,NA,NA,"Ceratophyllus (Ceratophyllus) adustus Jordan, 1923",NA,NA,NA,NA,NA,NA,NA,"Animalia","Arthropoda","Insecta","Siphonaptera","Ceratophyllidae","Ceratophyllus","Ceratophyllus","adustus",NA,"species",NA,"Jordan, 1923",NA,NA,NA,NA,NA,"Ceratophyllus adustus"
"FMNH","15",NA,NA,NA,NA,NA,NA,NA,"Ceratophyllus (Ceratophyllus) arcuegens Holland, 1952",NA,NA,NA,NA,NA,NA,NA,"Animalia","Arthropoda","Insecta","Siphonaptera","Ceratophyllidae","Ceratophyllus","Ceratophyllus","arcuegens",NA,"species",NA,"Holland, 1952",NA,NA,NA,NA,NA,"Ceratophyllus arcuegens"
"FMNH","16",NA,NA,NA,NA,NA,NA,NA,"Ceratophyllus (Ceratophyllus) celsus celsus Jordan, 1929",NA,NA,NA,NA,NA,NA,NA,"Animalia","Arthropoda","Insecta","Siphonaptera","Ceratophyllidae","Ceratophyllus","Ceratophyllus","celsus","celsus","subspecies",NA,"Jordan, 1929",NA,NA,NA,NA,NA,"Ceratophyllus celsus celsus"
"FMNH","17",NA,NA,NA,NA,NA,NA,NA,"Ceratophyllus (Ceratophyllus) celsus Jordan, 1926",NA,NA,NA,NA,NA,NA,NA,"Animalia","Arthropoda","Insecta","Siphonaptera","Ceratophyllidae","Ceratophyllus","Ceratophyllus","celsus",NA,"species",NA,"Jordan, 1926",NA,NA,NA,NA,NA,"Ceratophyllus celsus"
"FMNH","18",NA,NA,NA,NA,NA,NA,NA,"Ceratophyllus (Ceratophyllus) gallinae (Schrank, 1803)",NA,NA,NA,NA,NA,NA,NA,"Animalia","Arthropoda","Insecta","Siphonaptera","Ceratophyllidae","Ceratophyllus","Ceratophyllus","gallinae",NA,"species",NA,"Schrank, 1803",NA,NA,NA,NA,NA,"Ceratophyllus gallinae"
"FMNH","19",NA,NA,NA,NA,NA,NA,NA,"Ceratophyllus (Ceratophyllus) idius Jordan & Rothschild, 1920",NA,NA,NA,NA,NA,NA,NA,"Animalia","Arthropoda","Insecta","Siphonaptera","Ceratophyllidae","Ceratophyllus","Ceratophyllus","idius",NA,"species",NA,"Jordan & Rothschild, 1920",NA,NA,NA,NA,NA,"Ceratophyllus idius"
"FMNH","20",NA,NA,NA,NA,NA,NA,NA,"Ceratophyllus (Ceratophyllus) lari Holland, 1951",NA,NA,NA,NA,NA,NA,NA,"Animalia","Arthropoda","Insecta","Siphonaptera","Ceratophyllidae","Ceratophyllus","Ceratophyllus","lari",NA,"species",NA,"Holland, 1951",NA,NA,NA,NA,NA,"Ceratophyllus lari"
"FMNH","21",NA,NA,NA,NA,NA,NA,NA,"Ceratophyllus (Ceratophyllus) niger Fox, 1908",NA,NA,NA,NA,NA,NA,NA,"Animalia","Arthropoda","Insecta","Siphonaptera","Ceratophyllidae","Ceratophyllus","Ceratophyllus","niger",NA,"species",NA,"Fox, 1908",NA,NA,NA,NA,NA,"Ceratophyllus niger"
"FMNH","22",NA,NA,NA,NA,NA,NA,NA,"Ceratophyllus (Ceratophyllus) petrochelidoni Wagner, 1936",NA,NA,NA,NA,NA,NA,NA,"Animalia","Arthropoda","Insecta","Siphonaptera","Ceratophyllidae","Ceratophyllus","Ceratophyllus","petrochelidoni",NA,"species",NA,"Wagner, 1936",NA,NA,NA,NA,NA,"Ceratophyllus petrochelidoni"
"FMNH","23",NA,NA,NA,NA,NA,NA,NA,"Ceratophyllus (Ceratophyllus) rossittensis swansoni Chi-Ying, 1974",NA,NA,NA,NA,NA,NA,NA,"Animalia","Arthropoda","Insecta","Siphonaptera","Ceratophyllidae","Ceratophyllus","Ceratophyllus","rossittensis","swansoni","subspecies",NA,"1974",NA,NA,NA,NA,NA,"Ceratophyllus rossittensis swansoni"
"FMNH","24",NA,NA,NA,NA,NA,NA,NA,"Ceratophyllus (Ceratophyllus) scopulorum Holland, 1952",NA,NA,NA,NA,NA,NA,NA,"Animalia","Arthropoda","Insecta","Siphonaptera","Ceratophyllidae","Ceratophyllus","Ceratophyllus","scopulorum",NA,"species",NA,"Holland, 1952",NA,NA,NA,NA,NA,"Ceratophyllus scopulorum"
"FMNH","25",NA,NA,NA,NA,NA,NA,NA,"Ceratophyllus (Ceratophyllus) styx riparius Jordan & Rothschild, 1920",NA,NA,NA,NA,NA,NA,NA,"Animalia","Arthropoda","Insecta","Siphonaptera","Ceratophyllidae","Ceratophyllus","Ceratophyllus","styx","riparius","subspecies",NA,"Jordan & Rothschild, 1920",NA,NA,NA,NA,NA,"Ceratophyllus styx riparius"
"FMNH","26",NA,NA,NA,NA,NA,NA,NA,"Ceratophyllus (Ceratophyllus) zhovtyii Yemel'yanova & Goncharov, 1966",NA,NA,NA,NA,NA,NA,NA,"Animalia","Arthropoda","Insecta","Siphonaptera","Ceratophyllidae","Ceratophyllus","Ceratophyllus","zhovtyii",NA,"species",NA,"Yemel'yanova & Goncharov, 1966",NA,NA,NA,NA,NA,"Ceratophyllus zhovtyii"
"FMNH","27",NA,NA,NA,NA,NA,NA,NA,"Ceratophyllus (Emmareus) diffinis Jordan, 1925",NA,NA,NA,NA,NA,NA,NA,"Animalia","Arthropoda","Insecta","Siphonaptera","Ceratophyllidae","Ceratophyllus","Emmareus","diffinis",NA,"species",NA,"Jordan, 1925",NA,NA,NA,NA,NA,"Ceratophyllus diffinis"
"FMNH","28",NA,NA,NA,NA,NA,NA,NA,"Ceratophyllus (Emmareus) garei Rothschild, 1902",NA,NA,NA,NA,NA,NA,NA,"Animalia","Arthropoda","Insecta","Siphonaptera","Ceratophyllidae","Ceratophyllus","Emmareus","garei",NA,"species",NA,"Rothschild, 1902",NA,NA,NA,NA,NA,"Ceratophyllus garei"
"FMNH","29",NA,NA,NA,NA,NA,NA,NA,"Ceratophyllus (Monopsyllus) sciurorum sciurorum (Schrank, 1803)",NA,NA,NA,NA,NA,NA,NA,"Animalia","Arthropoda","Insecta","Siphonaptera","Ceratophyllidae","Ceratophyllus","Monopsyllus","sciurorum","sciurorum","subspecies",NA,"Schrank, 1803",NA,NA,NA,NA,NA,"Ceratophyllus sciurorum sciurorum"
"FMNH","30",NA,NA,NA,NA,NA,NA,NA,"Ceratophyllus (Monopsyllus) vison fousta Hubbard, 1952",NA,NA,NA,NA,NA,NA,NA,"Animalia","Arthropoda","Insecta","Siphonaptera","Ceratophyllidae","Ceratophyllus","Monopsyllus","vison","fousta","subspecies",NA,"Hubbard, 1952",NA,NA,NA,NA,NA,"Ceratophyllus vison fousta"
"FMNH","31",NA,NA,NA,NA,NA,NA,NA,"Ceratophyllus (Rosickyiana) lunatus tundrensis Holland, 1945",NA,NA,NA,NA,NA,NA,NA,"Animalia","Arthropoda","Insecta","Siphonaptera","Ceratophyllidae","Ceratophyllus","Rosickyiana","lunatus","tundrensis","subspecies",NA,"Holland, 1945",NA,NA,NA,NA,NA,"Ceratophyllus lunatus tundrensis"
"FMNH","32",NA,NA,NA,NA,NA,NA,NA,"Ceratophyllus affinis neglectus Smit, 1958",NA,NA,NA,NA,NA,NA,NA,"Animalia","Arthropoda","Insecta","Siphonaptera","Ceratophyllidae","Ceratophyllus",NA,"affinis","neglectus","subspecies",NA,"Smit, 1958",NA,NA,NA,NA,NA,"Ceratophyllus affinis neglectus"
"FMNH","33",NA,NA,NA,NA,NA,NA,NA,"Ceratophyllus coahuilensis Eads, 1956",NA,NA,NA,NA,NA,NA,NA,"Animalia","Arthropoda","Insecta","Siphonaptera","Ceratophyllidae","Ceratophyllus",NA,"coahuilensis",NA,"species",NA,"Eads, 1956",NA,NA,NA,NA,NA,"Ceratophyllus coahuilensis"
"FMNH","35",NA,NA,NA,NA,NA,NA,NA,"Ceratophyllus vison Baker, 1904",NA,NA,NA,NA,NA,NA,NA,"Animalia","Arthropoda","Insecta","Siphonaptera","Ceratophyllidae","Ceratophyllus",NA,"vison",NA,"species",NA,"Baker, 1904",NA,NA,NA,NA,NA,"Ceratophyllus vison"
"FMNH","36",NA,NA,NA,NA,NA,NA,NA,"Dactylopsylla bluei",NA,NA,NA,NA,NA,NA,NA,"Animalia","Arthropoda","Insecta","Siphonaptera","Ceratophyllidae","Dactylopsylla",NA,"bluei",NA,"species",NA,"",NA,NA,NA,NA,NA,"Dactylopsylla bluei"
"FMNH","37",NA,NA,NA,NA,NA,NA,NA,"Dactylopsylla bluei bluei (Fox, 1909)",NA,NA,NA,NA,NA,NA,NA,"Animalia","Arthropoda","Insecta","Siphonaptera","Ceratophyllidae","Dactylopsylla",NA,"bluei","bluei","subspecies",NA,"Fox, 1909",NA,NA,NA,NA,NA,"Dactylopsylla bluei bluei"
"FMNH","38",NA,NA,NA,NA,NA,NA,NA,"Dactylopsylla bluei psila Prince & Stark, 1951",NA,NA,NA,NA,NA,NA,NA,"Animalia","Arthropoda","Insecta","Siphonaptera","Ceratophyllidae","Dactylopsylla",NA,"bluei","psila","subspecies",NA,"Prince & Stark, 1951",NA,NA,NA,NA,NA,"Dactylopsylla bluei psila"
"FMNH","39",NA,NA,NA,NA,NA,NA,NA,"Dactylopsylla neomexicana Prince, 1945",NA,NA,NA,NA,NA,NA,NA,"Animalia","Arthropoda","Insecta","Siphonaptera","Ceratophyllidae","Dactylopsylla",NA,"neomexicana",NA,"species",NA,"Prince, 1945",NA,NA,NA,NA,NA,"Dactylopsylla neomexicana"
"FMNH","40",NA,NA,NA,NA,NA,NA,NA,"Dactylopsylla pentachaeta Prince & Stark, 1951",NA,NA,NA,NA,NA,NA,NA,"Animalia","Arthropoda","Insecta","Siphonaptera","Ceratophyllidae","Dactylopsylla",NA,"pentachaeta",NA,"species",NA,"Prince & Stark, 1951",NA,NA,NA,NA,NA,"Dactylopsylla pentachaeta"
"FMNH","41",NA,NA,NA,NA,NA,NA,NA,"Dactylopsylla percernis Eads & Menzies, 1949",NA,NA,NA,NA,NA,NA,NA,"Animalia","Arthropoda","Insecta","Siphonaptera","Ceratophyllidae","Dactylopsylla",NA,"percernis",NA,"species",NA,"Eads & Menzies, 1949",NA,NA,NA,NA,NA,"Dactylopsylla percernis"
"FMNH","43",NA,NA,NA,NA,NA,NA,NA,"Dasypsyllus (Dasypsyllus) gallinulae gallinulae (Dale, 1878)",NA,NA,NA,NA,NA,NA,NA,"Animalia","Arthropoda","Insecta","Siphonaptera","Ceratophyllidae","Dasypsyllus","Dasypsyllus","gallinulae","gallinulae","subspecies",NA,"Dale, 1878",NA,NA,NA,NA,NA,"Dasypsyllus gallinulae gallinulae"
"FMNH","44",NA,NA,NA,NA,NA,NA,NA,"Dasypsyllus (Dasypsyllus) gallinulae perpinnatus (Baker, 1904)",NA,NA,NA,NA,NA,NA,NA,"Animalia","Arthropoda","Insecta","Siphonaptera","Ceratophyllidae","Dasypsyllus","Dasypsyllus","gallinulae","perpinnatus","subspecies",NA,"Baker, 1904",NA,NA,NA,NA,NA,"Dasypsyllus gallinulae perpinnatus"
"FMNH","45",NA,NA,NA,NA,NA,NA,NA,"Dasypsyllus gallinulae",NA,NA,NA,NA,NA,NA,NA,"Animalia","Arthropoda","Insecta","Siphonaptera","Ceratophyllidae","Dasypsyllus",NA,"gallinulae",NA,"species",NA,"",NA,NA,NA,NA,NA,"Dasypsyllus gallinulae"
"FMNH","47",NA,NA,NA,NA,NA,NA,NA,"Eumolpianus cyrturus (Jordan, 1929)",NA,NA,NA,NA,NA,NA,NA,"Animalia","Arthropoda","Insecta","Siphonaptera","Ceratophyllidae","Eumolpianus",NA,"cyrturus",NA,"species",NA,"Jordan, 1929",NA,NA,NA,NA,NA,"Eumolpianus cyrturus"
"FMNH","48",NA,NA,NA,NA,NA,NA,NA,"Eumolpianus eumolpi",NA,NA,NA,NA,NA,NA,NA,"Animalia","Arthropoda","Insecta","Siphonaptera","Ceratophyllidae","Eumolpianus",NA,"eumolpi",NA,"species",NA,"",NA,NA,NA,NA,NA,"Eumolpianus eumolpi"
"FMNH","49",NA,NA,NA,NA,NA,NA,NA,"Eumolpianus eumolpi americanus (Hubbard, 1950)",NA,NA,NA,NA,NA,NA,NA,"Animalia","Arthropoda","Insecta","Siphonaptera","Ceratophyllidae","Eumolpianus",NA,"eumolpi","americanus","subspecies",NA,"Hubbard, 1950",NA,NA,NA,NA,NA,"Eumolpianus eumolpi americanus"
"FMNH","50",NA,NA,NA,NA,NA,NA,NA,"Eumolpianus eumolpi eumolpi (Rothschild, 1905)",NA,NA,NA,NA,NA,NA,NA,"Animalia","Arthropoda","Insecta","Siphonaptera","Ceratophyllidae","Eumolpianus",NA,"eumolpi","eumolpi","subspecies",NA,"Rothschild, 1905",NA,NA,NA,NA,NA,"Eumolpianus eumolpi eumolpi"
"FMNH","51",NA,NA,NA,NA,NA,NA,NA,"Eumolpianus eutamiadis (Augustson, 1942)",NA,NA,NA,NA,NA,NA,NA,"Animalia","Arthropoda","Insecta","Siphonaptera","Ceratophyllidae","Eumolpianus",NA,"eutamiadis",NA,"species",NA,"Augustson, 1942",NA,NA,NA,NA,NA,"Eumolpianus eutamiadis"
"FMNH","52",NA,NA,NA,NA,NA,NA,NA,"Eumolpianus fornacis (Jordan, 1937)",NA,NA,NA,NA,NA,NA,NA,"Animalia","Arthropoda","Insecta","Siphonaptera","Ceratophyllidae","Eumolpianus",NA,"fornacis",NA,"species",NA,"Jordan, 1937",NA,NA,NA,NA,NA,"Eumolpianus fornacis"
"FMNH","53",NA,NA,NA,NA,NA,NA,NA,"Eumolpianus orarius (Johnson, 1961)",NA,NA,NA,NA,NA,NA,NA,"Animalia","Arthropoda","Insecta","Siphonaptera","Ceratophyllidae","Eumolpianus",NA,"orarius",NA,"species",NA,"Johnson, 1961",NA,NA,NA,NA,NA,"Eumolpianus orarius"
"FMNH","54",NA,NA,NA,NA,NA,NA,NA,"Eumolpianus wallowensis (Hubbard, 1950)",NA,NA,NA,NA,NA,NA,NA,"Animalia","Arthropoda","Insecta","Siphonaptera","Ceratophyllidae","Eumolpianus",NA,"wallowensis",NA,"species",NA,"Hubbard, 1950",NA,NA,NA,NA,NA,"Eumolpianus wallowensis"
"FMNH","55",NA,NA,NA,NA,NA,NA,NA,"Foxella (Foxella) ignota",NA,NA,NA,NA,NA,NA,NA,"Animalia","Arthropoda","Insecta","Siphonaptera","Ceratophyllidae","Foxella","Foxella","ignota",NA,"species",NA,"",NA,NA,NA,NA,NA,"Foxella ignota"
"FMNH","56",NA,NA,NA,NA,NA,NA,NA,"Foxella (Foxella) ignota albertensis (Jordan & Rothschild, 1915)",NA,NA,NA,NA,NA,NA,NA,"Animalia","Arthropoda","Insecta","Siphonaptera","Ceratophyllidae","Foxella","Foxella","ignota","albertensis","subspecies",NA,"Jordan & Rothschild, 1915",NA,NA,NA,NA,NA,"Foxella ignota albertensis"
"FMNH","57",NA,NA,NA,NA,NA,NA,NA,"Foxella (Foxella) ignota apachina",NA,NA,NA,NA,NA,NA,NA,"Animalia","Arthropoda","Insecta","Siphonaptera","Ceratophyllidae","Foxella","Foxella","ignota","apachina","subspecies",NA,"",NA,NA,NA,NA,NA,"Foxella ignota apachina"
"FMNH","58",NA,NA,NA,NA,NA,NA,NA,"Foxella (Foxella) ignota coufferi Augustson, 1942",NA,NA,NA,NA,NA,NA,NA,"Animalia","Arthropoda","Insecta","Siphonaptera","Ceratophyllidae","Foxella","Foxella","ignota","coufferi","subspecies",NA,"Augustson, 1942",NA,NA,NA,NA,NA,"Foxella ignota coufferi"
"FMNH","59",NA,NA,NA,NA,NA,NA,NA,"Foxella (Foxella) ignota franciscana (Rothschild, 1910)",NA,NA,NA,NA,NA,NA,NA,"Animalia","Arthropoda","Insecta","Siphonaptera","Ceratophyllidae","Foxella","Foxella","ignota","franciscana","subspecies",NA,"Rothschild, 1910",NA,NA,NA,NA,NA,"Foxella ignota franciscana"
"FMNH","60",NA,NA,NA,NA,NA,NA,NA,"Foxella (Foxella) ignota ignota (Baker, 1895)",NA,NA,NA,NA,NA,NA,NA,"Animalia","Arthropoda","Insecta","Siphonaptera","Ceratophyllidae","Foxella","Foxella","ignota","ignota","subspecies",NA,"Baker, 1895",NA,NA,NA,NA,NA,"Foxella ignota ignota"
"FMNH","61",NA,NA,NA,NA,NA,NA,NA,"Foxella (Foxella) ignota omissa Prince, 1945",NA,NA,NA,NA,NA,NA,NA,"Animalia","Arthropoda","Insecta","Siphonaptera","Ceratophyllidae","Foxella","Foxella","ignota","omissa","subspecies",NA,"Prince, 1945",NA,NA,NA,NA,NA,"Foxella ignota omissa"
"FMNH","62",NA,NA,NA,NA,NA,NA,NA,"Foxella (Foxella) ignota recula (Jordan & Rothschild, 1915)",NA,NA,NA,NA,NA,NA,NA,"Animalia","Arthropoda","Insecta","Siphonaptera","Ceratophyllidae","Foxella","Foxella","ignota","recula","subspecies",NA,"Jordan & Rothschild, 1915",NA,NA,NA,NA,NA,"Foxella ignota recula"
"FMNH","63",NA,NA,NA,NA,NA,NA,NA,"Foxella (Foxella) ignota utahensis Wagner, 1936",NA,NA,NA,NA,NA,NA,NA,"Animalia","Arthropoda","Insecta","Siphonaptera","Ceratophyllidae","Foxella","Foxella","ignota","utahensis","subspecies",NA,"Wagner, 1936",NA,NA,NA,NA,NA,"Foxella ignota utahensis"
"FMNH","65",NA,NA,NA,NA,NA,NA,NA,"Jellisonia bullisi (Augustson, 1944)",NA,NA,NA,NA,NA,NA,NA,"Animalia","Arthropoda","Insecta","Siphonaptera","Ceratophyllidae","Jellisonia",NA,"bullisi",NA,"species",NA,"Augustson, 1944",NA,NA,NA,NA,NA,"Jellisonia bullisi"
"FMNH","66",NA,NA,NA,NA,NA,NA,NA,"Jellisonia ironsi (Eads, 1947)",NA,NA,NA,NA,NA,NA,NA,"Animalia","Arthropoda","Insecta","Siphonaptera","Ceratophyllidae","Jellisonia",NA,"ironsi",NA,"species",NA,"Eads, 1947",NA,NA,NA,NA,NA,"Jellisonia ironsi"
"FMNH","68",NA,NA,NA,NA,NA,NA,NA,"Malaraeus telchinus (Rothschild, 1905)",NA,NA,NA,NA,NA,NA,NA,"Animalia","Arthropoda","Insecta","Siphonaptera","Ceratophyllidae","Malaraeus",NA,"telchinus",NA,"species",NA,"Rothschild, 1905",NA,NA,NA,NA,NA,"Malaraeus telchinus"
"FMNH","70",NA,NA,NA,NA,NA,NA,NA,"Megabothris (Amegabothris) abantis (Rothschild, 1905)",NA,NA,NA,NA,NA,NA,NA,"Animalia","Arthropoda","Insecta","Siphonaptera","Ceratophyllidae","Megabothris","Amegabothris","abantis",NA,"species",NA,"Rothschild, 1905",NA,NA,NA,NA,NA,"Megabothris abantis"
"FMNH","71",NA,NA,NA,NA,NA,NA,NA,"Megabothris clantoni Hubbard, 1949",NA,NA,NA,NA,NA,NA,NA,"Animalia","Arthropoda","Insecta","Siphonaptera","Ceratophyllidae","Megabothris",NA,"clantoni",NA,"species",NA,"Hubbard, 1949",NA,NA,NA,NA,NA,"Megabothris clantoni"
"FMNH","72",NA,NA,NA,NA,NA,NA,NA,"Nosopsyllus fasciatus",NA,NA,NA,NA,NA,NA,NA,"Animalia","Arthropoda","Insecta","Siphonaptera","Ceratophyllidae","Nosopsyllus",NA,"fasciatus",NA,"species",NA,"",NA,NA,NA,NA,NA,"Nosopsyllus fasciatus"
"FMNH","73",NA,NA,NA,NA,NA,NA,NA,"Opisodasys (Oxypsylla) nesiotus Augustson, 1941",NA,NA,NA,NA,NA,NA,NA,"Animalia","Arthropoda","Insecta","Siphonaptera","Ceratophyllidae","Opisodasys","Oxypsylla","nesiotus",NA,"species",NA,"Augustson, 1941",NA,NA,NA,NA,NA,"Opisodasys nesiotus"
"FMNH","74",NA,NA,NA,NA,NA,NA,NA,"Opisodasys (Sciuropsylla) robustus",NA,NA,NA,NA,NA,NA,NA,"Animalia","Arthropoda","Insecta","Siphonaptera","Ceratophyllidae","Opisodasys","Sciuropsylla","robustus",NA,"species",NA,"",NA,NA,NA,NA,NA,"Opisodasys robustus"
"FMNH","75",NA,NA,NA,NA,NA,NA,NA,"Opisodasys (Sciuropsylla) robustus mexicanus Dampf, 1942",NA,NA,NA,NA,NA,NA,NA,"Animalia","Arthropoda","Insecta","Siphonaptera","Ceratophyllidae","Opisodasys","Sciuropsylla","robustus","mexicanus","subspecies",NA,"Dampf, 1942",NA,NA,NA,NA,NA,"Opisodasys robustus mexicanus"
"FMNH","76",NA,NA,NA,NA,NA,NA,NA,"Opisodasys (Sciuropsylla) robustus robustus (Jordan, 1925)",NA,NA,NA,NA,NA,NA,NA,"Animalia","Arthropoda","Insecta","Siphonaptera","Ceratophyllidae","Opisodasys","Sciuropsylla","robustus","robustus","subspecies",NA,"Jordan, 1925",NA,NA,NA,NA,NA,"Opisodasys robustus robustus"
"FMNH","77",NA,NA,NA,NA,NA,NA,NA,"Opisodasys enoplus Rothschild, 1909",NA,NA,NA,NA,NA,NA,NA,"Animalia","Arthropoda","Insecta","Siphonaptera","Ceratophyllidae","Opisodasys",NA,"enoplus",NA,"species",NA,"Rothschild, 1909",NA,NA,NA,NA,NA,"Opisodasys enoplus"
"FMNH","78",NA,NA,NA,NA,NA,NA,NA,"Opisodasys keeni",NA,NA,NA,NA,NA,NA,NA,"Animalia","Arthropoda","Insecta","Siphonaptera","Ceratophyllidae","Opisodasys",NA,"keeni",NA,"species",NA,"",NA,NA,NA,NA,NA,"Opisodasys keeni"
"FMNH","79",NA,NA,NA,NA,NA,NA,NA,"Opisodasys pseudarctomys",NA,NA,NA,NA,NA,NA,NA,"Animalia","Arthropoda","Insecta","Siphonaptera","Ceratophyllidae","Opisodasys",NA,"pseudarctomys",NA,"species",NA,"",NA,NA,NA,NA,NA,"Opisodasys pseudarctomys"
"FMNH","81",NA,NA,NA,NA,NA,NA,NA,"Opisodasys vesperalis",NA,NA,NA,NA,NA,NA,NA,"Animalia","Arthropoda","Insecta","Siphonaptera","Ceratophyllidae","Opisodasys",NA,"vesperalis",NA,"species",NA,"",NA,NA,NA,NA,NA,"Opisodasys vesperalis"
"FMNH","82",NA,NA,NA,NA,NA,NA,NA,"Orchopeas caedens",NA,NA,NA,NA,NA,NA,NA,"Animalia","Arthropoda","Insecta","Siphonaptera","Ceratophyllidae","Orchopeas",NA,"caedens",NA,"species",NA,"",NA,NA,NA,NA,NA,"Orchopeas caedens"
"FMNH","83",NA,NA,NA,NA,NA,NA,NA,"Orchopeas caedens caedens (Jordan, 1925)",NA,NA,NA,NA,NA,NA,NA,"Animalia","Arthropoda","Insecta","Siphonaptera","Ceratophyllidae","Orchopeas",NA,"caedens","caedens","subspecies",NA,"Jordan, 1925",NA,NA,NA,NA,NA,"Orchopeas caedens caedens"
"FMNH","84",NA,NA,NA,NA,NA,NA,NA,"Orchopeas caedens durus (Jordan, 1929)",NA,NA,NA,NA,NA,NA,NA,"Animalia","Arthropoda","Insecta","Siphonaptera","Ceratophyllidae","Orchopeas",NA,"caedens","durus","subspecies",NA,"Jordan, 1929",NA,NA,NA,NA,NA,"Orchopeas caedens durus"
"FMNH","85",NA,NA,NA,NA,NA,NA,NA,"Orchopeas dieteri (Fox, 1929)",NA,NA,NA,NA,NA,NA,NA,"Animalia","Arthropoda","Insecta","Siphonaptera","Ceratophyllidae","Orchopeas",NA,"dieteri",NA,"species",NA,"Fox, 1929",NA,NA,NA,NA,NA,"Orchopeas dieteri"
"FMNH","86",NA,NA,NA,NA,NA,NA,NA,"Orchopeas howardi",NA,NA,NA,NA,NA,NA,NA,"Animalia","Arthropoda","Insecta","Siphonaptera","Ceratophyllidae","Orchopeas",NA,"howardi",NA,"species",NA,"",NA,NA,NA,NA,NA,"Orchopeas howardi"
"FMNH","87",NA,NA,NA,NA,NA,NA,NA,"Orchopeas howardi howardi (Baker, 1895)",NA,NA,NA,NA,NA,NA,NA,"Animalia","Arthropoda","Insecta","Siphonaptera","Ceratophyllidae","Orchopeas",NA,"howardi","howardi","subspecies",NA,"Baker, 1895",NA,NA,NA,NA,NA,"Orchopeas howardi howardi"
"FMNH","88",NA,NA,NA,NA,NA,NA,NA,"Orchopeas howardi texensis Eads, 1950",NA,NA,NA,NA,NA,NA,NA,"Animalia","Arthropoda","Insecta","Siphonaptera","Ceratophyllidae","Orchopeas",NA,"howardi","texensis","subspecies",NA,"Eads, 1950",NA,NA,NA,NA,NA,"Orchopeas howardi texensis"
"FMNH","89",NA,NA,NA,NA,NA,NA,NA,"Orchopeas illinoiensis Lewis, 1998",NA,NA,NA,NA,NA,NA,NA,"Animalia","Arthropoda","Insecta","Siphonaptera","Ceratophyllidae","Orchopeas",NA,"illinoiensis",NA,"species",NA,"Lewis, 1998",NA,NA,NA,NA,NA,"Orchopeas illinoiensis"
"FMNH","90",NA,NA,NA,NA,NA,NA,NA,"Orchopeas latens (Jordan, 1925)",NA,NA,NA,NA,NA,NA,NA,"Animalia","Arthropoda","Insecta","Siphonaptera","Ceratophyllidae","Orchopeas",NA,"latens",NA,"species",NA,"Jordan, 1925",NA,NA,NA,NA,NA,"Orchopeas latens"
"FMNH","91",NA,NA,NA,NA,NA,NA,NA,"Orchopeas leucopus",NA,NA,NA,NA,NA,NA,NA,"Animalia","Arthropoda","Insecta","Siphonaptera","Ceratophyllidae","Orchopeas",NA,"leucopus",NA,"species",NA,"",NA,NA,NA,NA,NA,"Orchopeas leucopus"
"FMNH","92",NA,NA,NA,NA,NA,NA,NA,"Orchopeas neotomae Augustson, 1943",NA,NA,NA,NA,NA,NA,NA,"Animalia","Arthropoda","Insecta","Siphonaptera","Ceratophyllidae","Orchopeas",NA,"neotomae",NA,"species",NA,"Augustson, 1943",NA,NA,NA,NA,NA,"Orchopeas neotomae"
"FMNH","93",NA,NA,NA,NA,NA,NA,NA,"Orchopeas nepos (Rothschild, 1905)",NA,NA,NA,NA,NA,NA,NA,"Animalia","Arthropoda","Insecta","Siphonaptera","Ceratophyllidae","Orchopeas",NA,"nepos",NA,"species",NA,"Rothschild, 1905",NA,NA,NA,NA,NA,"Orchopeas nepos"
"FMNH","94",NA,NA,NA,NA,NA,NA,NA,"Orchopeas sexdentatus",NA,NA,NA,NA,NA,NA,NA,"Animalia","Arthropoda","Insecta","Siphonaptera","Ceratophyllidae","Orchopeas",NA,"sexdentatus",NA,"species",NA,"",NA,NA,NA,NA,NA,"Orchopeas sexdentatus"
"FMNH","95",NA,NA,NA,NA,NA,NA,NA,"Orchopeas sexdentatus intermedius Hubbard, 1943",NA,NA,NA,NA,NA,NA,NA,"Animalia","Arthropoda","Insecta","Siphonaptera","Ceratophyllidae","Orchopeas",NA,"sexdentatus","intermedius","subspecies",NA,"Hubbard, 1943",NA,NA,NA,NA,NA,"Orchopeas sexdentatus intermedius"
"FMNH","96",NA,NA,NA,NA,NA,NA,NA,"Orchopeas sexdentatus nevadensis (Jordan, 1929)",NA,NA,NA,NA,NA,NA,NA,"Animalia","Arthropoda","Insecta","Siphonaptera","Ceratophyllidae","Orchopeas",NA,"sexdentatus","nevadensis","subspecies",NA,"Jordan, 1929",NA,NA,NA,NA,NA,"Orchopeas sexdentatus nevadensis"
"FMNH","97",NA,NA,NA,NA,NA,NA,NA,"Orchopeas sexdentatus pennsylvanicus (Jordan, 1928)",NA,NA,NA,NA,NA,NA,NA,"Animalia","Arthropoda","Insecta","Siphonaptera","Ceratophyllidae","Orchopeas",NA,"sexdentatus","pennsylvanicus","subspecies",NA,"Jordan, 1928",NA,NA,NA,NA,NA,"Orchopeas sexdentatus pennsylvanicus"
"FMNH","98",NA,NA,NA,NA,NA,NA,NA,"Orchopeas sexdentatus schisintus (Jordan, 1929)",NA,NA,NA,NA,NA,NA,NA,"Animalia","Arthropoda","Insecta","Siphonaptera","Ceratophyllidae","Orchopeas",NA,"sexdentatus","schisintus","subspecies",NA,"Jordan, 1929",NA,NA,NA,NA,NA,"Orchopeas sexdentatus schisintus"
"FMNH","99",NA,NA,NA,NA,NA,NA,NA,"Orchopeas sexdentatus sexdentatus (Baker, 1904)",NA,NA,NA,NA,NA,NA,NA,"Animalia","Arthropoda","Insecta","Siphonaptera","Ceratophyllidae","Orchopeas",NA,"sexdentatus","sexdentatus","subspecies",NA,"Baker, 1904",NA,NA,NA,NA,NA,"Orchopeas sexdentatus sexdentatus"
"FMNH","101",NA,NA,NA,NA,NA,NA,NA,"Oropsylla (Diamanus) montana (Baker, 1895)",NA,NA,NA,NA,NA,NA,NA,"Animalia","Arthropoda","Insecta","Siphonaptera","Ceratophyllidae","Oropsylla","Diamanus","montana",NA,"species",NA,"Baker, 1895",NA,NA,NA,NA,NA,"Oropsylla montana"
"FMNH","103",NA,NA,NA,NA,NA,NA,NA,"Oropsylla (Hubbardipsylla) oregonensis (Good & Prince, 1939)",NA,NA,NA,NA,NA,NA,NA,"Animalia","Arthropoda","Insecta","Siphonaptera","Ceratophyllidae","Oropsylla","Hubbardipsylla","oregonensis",NA,"species",NA,"Good & Prince, 1939",NA,NA,NA,NA,NA,"Oropsylla oregonensis"
"FMNH","104",NA,NA,NA,NA,NA,NA,NA,"Oropsylla (Hubbardipsylla) washingtonensis (Good & Prince, 1939)",NA,NA,NA,NA,NA,NA,NA,"Animalia","Arthropoda","Insecta","Siphonaptera","Ceratophyllidae","Oropsylla","Hubbardipsylla","washingtonensis",NA,"species",NA,"Good & Prince, 1939",NA,NA,NA,NA,NA,"Oropsylla washingtonensis"
"FMNH","105",NA,NA,NA,NA,NA,NA,NA,"Oropsylla (Opisocrostis) bruneri (Baker, 1895)",NA,NA,NA,NA,NA,NA,NA,"Animalia","Arthropoda","Insecta","Siphonaptera","Ceratophyllidae","Oropsylla","Opisocrostis","bruneri",NA,"species",NA,"Baker, 1895",NA,NA,NA,NA,NA,"Oropsylla bruneri"
"FMNH","106",NA,NA,NA,NA,NA,NA,NA,"Oropsylla (Opisocrostis) hirsutus (Baker, 1895)",NA,NA,NA,NA,NA,NA,NA,"Animalia","Arthropoda","Insecta","Siphonaptera","Ceratophyllidae","Oropsylla","Opisocrostis","hirsutus",NA,"species",NA,"Baker, 1895",NA,NA,NA,NA,NA,"Oropsylla hirsutus"
"FMNH","107",NA,NA,NA,NA,NA,NA,NA,"Oropsylla (Opisocrostis) labis (Jordan & Rothschild, 1922)",NA,NA,NA,NA,NA,NA,NA,"Animalia","Arthropoda","Insecta","Siphonaptera","Ceratophyllidae","Oropsylla","Opisocrostis","labis",NA,"species",NA,"Jordan & Rothschild, 1922",NA,NA,NA,NA,NA,"Oropsylla labis"
"FMNH","108",NA,NA,NA,NA,NA,NA,NA,"Oropsylla (Opisocrostis) tuberculata",NA,NA,NA,NA,NA,NA,NA,"Animalia","Arthropoda","Insecta","Siphonaptera","Ceratophyllidae","Oropsylla","Opisocrostis","tuberculata",NA,"species",NA,"",NA,NA,NA,NA,NA,"Oropsylla tuberculata"
"FMNH","109",NA,NA,NA,NA,NA,NA,NA,"Oropsylla (Opisocrostis) tuberculata cynomuris (Jellison, 1939)",NA,NA,NA,NA,NA,NA,NA,"Animalia","Arthropoda","Insecta","Siphonaptera","Ceratophyllidae","Oropsylla","Opisocrostis","tuberculata","cynomuris","subspecies",NA,"Jellison, 1939",NA,NA,NA,NA,NA,"Oropsylla tuberculata cynomuris"
"FMNH","110",NA,NA,NA,NA,NA,NA,NA,"Oropsylla (Opisocrostis) tuberculata tuberculata (Baker, 1904)",NA,NA,NA,NA,NA,NA,NA,"Animalia","Arthropoda","Insecta","Siphonaptera","Ceratophyllidae","Oropsylla","Opisocrostis","tuberculata","tuberculata","subspecies",NA,"Baker, 1904",NA,NA,NA,NA,NA,"Oropsylla tuberculata tuberculata"
"FMNH","112",NA,NA,NA,NA,NA,NA,NA,"Oropsylla (Oropsylla) alaskensis (Baker, 1904)",NA,NA,NA,NA,NA,NA,NA,"Animalia","Arthropoda","Insecta","Siphonaptera","Ceratophyllidae","Oropsylla","Oropsylla","alaskensis",NA,"species",NA,"Baker, 1904",NA,NA,NA,NA,NA,"Oropsylla alaskensis"
"FMNH","113",NA,NA,NA,NA,NA,NA,NA,"Oropsylla (Oropsylla) arctomys (Baker, 1904)",NA,NA,NA,NA,NA,NA,NA,"Animalia","Arthropoda","Insecta","Siphonaptera","Ceratophyllidae","Oropsylla","Oropsylla","arctomys",NA,"species",NA,"Baker, 1904",NA,NA,NA,NA,NA,"Oropsylla arctomys"
"FMNH","114",NA,NA,NA,NA,NA,NA,NA,"Oropsylla (Oropsylla) eatoni Hubbard, 1954",NA,NA,NA,NA,NA,NA,NA,"Animalia","Arthropoda","Insecta","Siphonaptera","Ceratophyllidae","Oropsylla","Oropsylla","eatoni",NA,"species",NA,"Hubbard, 1954",NA,NA,NA,NA,NA,"Oropsylla eatoni"
"FMNH","115",NA,NA,NA,NA,NA,NA,NA,"Oropsylla (Oropsylla) rupestris (Jordan, 1929)",NA,NA,NA,NA,NA,NA,NA,"Animalia","Arthropoda","Insecta","Siphonaptera","Ceratophyllidae","Oropsylla","Oropsylla","rupestris",NA,"species",NA,"Jordan, 1929",NA,NA,NA,NA,NA,"Oropsylla rupestris"
"FMNH","117",NA,NA,NA,NA,NA,NA,NA,"Oropsylla idahoensis",NA,NA,NA,NA,NA,NA,NA,"Animalia","Arthropoda","Insecta","Siphonaptera","Ceratophyllidae","Oropsylla",NA,"idahoensis",NA,"species",NA,"",NA,NA,NA,NA,NA,"Oropsylla idahoensis"
"FMNH","118",NA,NA,NA,NA,NA,NA,NA,"Pleochaetis exilis (Jordan, 1937)",NA,NA,NA,NA,NA,NA,NA,"Animalia","Arthropoda","Insecta","Siphonaptera","Ceratophyllidae","Pleochaetis",NA,"exilis",NA,"species",NA,"Jordan, 1937",NA,NA,NA,NA,NA,"Pleochaetis exilis"
"FMNH","120",NA,NA,NA,NA,NA,NA,NA,"Plusaetis asetus (Traub, 1950)",NA,NA,NA,NA,NA,NA,NA,"Animalia","Arthropoda","Insecta","Siphonaptera","Ceratophyllidae","Plusaetis",NA,"asetus",NA,"species",NA,"Traub, 1950",NA,NA,NA,NA,NA,"Plusaetis asetus"
"FMNH","121",NA,NA,NA,NA,NA,NA,NA,"Plusaetis sibynus sibynus (Jordan, 1925)",NA,NA,NA,NA,NA,NA,NA,"Animalia","Arthropoda","Insecta","Siphonaptera","Ceratophyllidae","Plusaetis",NA,"sibynus","sibynus","subspecies",NA,"Jordan, 1925",NA,NA,NA,NA,NA,"Plusaetis sibynus sibynus"
"FMNH","122",NA,NA,NA,NA,NA,NA,NA,"Spicata comis",NA,NA,NA,NA,NA,NA,NA,"Animalia","Arthropoda","Insecta","Siphonaptera","Ceratophyllidae","Spicata",NA,"comis",NA,"species",NA,"",NA,NA,NA,NA,NA,"Spicata comis"
"FMNH","123",NA,NA,NA,NA,NA,NA,NA,"Spicata comis comis (Jordan, 1929)",NA,NA,NA,NA,NA,NA,NA,"Animalia","Arthropoda","Insecta","Siphonaptera","Ceratophyllidae","Spicata",NA,"comis","comis","subspecies",NA,"Jordan, 1929",NA,NA,NA,NA,NA,"Spicata comis comis"
"FMNH","124",NA,NA,NA,NA,NA,NA,NA,"Spicata comis walkeri (Hubbard, 1954)",NA,NA,NA,NA,NA,NA,NA,"Animalia","Arthropoda","Insecta","Siphonaptera","Ceratophyllidae","Spicata",NA,"comis","walkeri","subspecies",NA,"Hubbard, 1954",NA,NA,NA,NA,NA,"Spicata comis walkeri"
"FMNH","125",NA,NA,NA,NA,NA,NA,NA,"Spicata monticola (Prince, 1945)",NA,NA,NA,NA,NA,NA,NA,"Animalia","Arthropoda","Insecta","Siphonaptera","Ceratophyllidae","Spicata",NA,"monticola",NA,"species",NA,"Prince, 1945",NA,NA,NA,NA,NA,"Spicata monticola"
"FMNH","126",NA,NA,NA,NA,NA,NA,NA,"Tarsopsylla octodecimdentata coloradensis (Baker, 1895)",NA,NA,NA,NA,NA,NA,NA,"Animalia","Arthropoda","Insecta","Siphonaptera","Ceratophyllidae","Tarsopsylla",NA,"octodecimdentata","coloradensis","subspecies",NA,"Baker, 1895",NA,NA,NA,NA,NA,"Tarsopsylla octodecimdentata coloradensis"
"FMNH","127",NA,NA,NA,NA,NA,NA,NA,"Thrassis acamantis",NA,NA,NA,NA,NA,NA,NA,"Animalia","Arthropoda","Insecta","Siphonaptera","Ceratophyllidae","Thrassis",NA,"acamantis",NA,"species",NA,"",NA,NA,NA,NA,NA,"Thrassis acamantis"
"FMNH","128",NA,NA,NA,NA,NA,NA,NA,"Thrassis acamantis acamantis (Rothschild, 1905)",NA,NA,NA,NA,NA,NA,NA,"Animalia","Arthropoda","Insecta","Siphonaptera","Ceratophyllidae","Thrassis",NA,"acamantis","acamantis","subspecies",NA,"Rothschild, 1905",NA,NA,NA,NA,NA,"Thrassis acamantis acamantis"
"FMNH","129",NA,NA,NA,NA,NA,NA,NA,"Thrassis acamantis howelli (Jordan, 1925)",NA,NA,NA,NA,NA,NA,NA,"Animalia","Arthropoda","Insecta","Siphonaptera","Ceratophyllidae","Thrassis",NA,"acamantis","howelli","subspecies",NA,"Jordan, 1925",NA,NA,NA,NA,NA,"Thrassis acamantis howelli"
"FMNH","130",NA,NA,NA,NA,NA,NA,NA,"Thrassis acamantis medius Stark, 1970",NA,NA,NA,NA,NA,NA,NA,"Animalia","Arthropoda","Insecta","Siphonaptera","Ceratophyllidae","Thrassis",NA,"acamantis","medius","subspecies",NA,"Stark, 1970",NA,NA,NA,NA,NA,"Thrassis acamantis medius"
"FMNH","131",NA,NA,NA,NA,NA,NA,NA,"Thrassis acamantis pristinus Stark, 1957",NA,NA,NA,NA,NA,NA,NA,"Animalia","Arthropoda","Insecta","Siphonaptera","Ceratophyllidae","Thrassis",NA,"acamantis","pristinus","subspecies",NA,"Stark, 1957",NA,NA,NA,NA,NA,"Thrassis acamantis pristinus"
"FMNH","132",NA,NA,NA,NA,NA,NA,NA,"Thrassis acamantis utahensis Wagner, 1936",NA,NA,NA,NA,NA,NA,NA,"Animalia","Arthropoda","Insecta","Siphonaptera","Ceratophyllidae","Thrassis",NA,"acamantis","utahensis","subspecies",NA,"Wagner, 1936",NA,NA,NA,NA,NA,"Thrassis acamantis utahensis"
"FMNH","133",NA,NA,NA,NA,NA,NA,NA,"Thrassis aridis campestris Prince, 1944",NA,NA,NA,NA,NA,NA,NA,"Animalia","Arthropoda","Insecta","Siphonaptera","Ceratophyllidae","Thrassis",NA,"aridis","campestris","subspecies",NA,"Prince, 1944",NA,NA,NA,NA,NA,"Thrassis aridis campestris"
"FMNH","134",NA,NA,NA,NA,NA,NA,NA,"Thrassis bacchi johnsoni (Hubbard, 1949)",NA,NA,NA,NA,NA,NA,NA,"Animalia","Arthropoda","Insecta","Siphonaptera","Ceratophyllidae","Thrassis",NA,"bacchi","johnsoni","subspecies",NA,"Hubbard, 1949",NA,NA,NA,NA,NA,"Thrassis bacchi johnsoni"
"FMNH","135",NA,NA,NA,NA,NA,NA,NA,"Thrassis bacchi pansus (Jordan, 1925)",NA,NA,NA,NA,NA,NA,NA,"Animalia","Arthropoda","Insecta","Siphonaptera","Ceratophyllidae","Thrassis",NA,"bacchi","pansus","subspecies",NA,"Jordan, 1925",NA,NA,NA,NA,NA,"Thrassis bacchi pansus"
"FMNH","136",NA,NA,NA,NA,NA,NA,NA,"Thrassis fotus (Jordan, 1925)",NA,NA,NA,NA,NA,NA,NA,"Animalia","Arthropoda","Insecta","Siphonaptera","Ceratophyllidae","Thrassis",NA,"fotus",NA,"species",NA,"Jordan, 1925",NA,NA,NA,NA,NA,"Thrassis fotus"
"FMNH","137",NA,NA,NA,NA,NA,NA,NA,"Thrassis francisi",NA,NA,NA,NA,NA,NA,NA,"Animalia","Arthropoda","Insecta","Siphonaptera","Ceratophyllidae","Thrassis",NA,"francisi",NA,"species",NA,"",NA,NA,NA,NA,NA,"Thrassis francisi"
"FMNH","138",NA,NA,NA,NA,NA,NA,NA,"Thrassis pandorae pandorae Jellison, 1937",NA,NA,NA,NA,NA,NA,NA,"Animalia","Arthropoda","Insecta","Siphonaptera","Ceratophyllidae","Thrassis",NA,"pandorae","pandorae","subspecies",NA,"Jellison, 1937",NA,NA,NA,NA,NA,"Thrassis pandorae pandorae"
"FMNH","139",NA,NA,NA,NA,NA,NA,NA,"Thrassis petiolatus",NA,NA,NA,NA,NA,NA,NA,"Animalia","Arthropoda","Insecta","Siphonaptera","Ceratophyllidae","Thrassis",NA,"petiolatus",NA,"species",NA,"",NA,NA,NA,NA,NA,"Thrassis petiolatus"
"FMNH","140",NA,NA,NA,NA,NA,NA,NA,"Thrassis stanfordi Wagner, 1936",NA,NA,NA,NA,NA,NA,NA,"Animalia","Arthropoda","Insecta","Siphonaptera","Ceratophyllidae","Thrassis",NA,"stanfordi",NA,"species",NA,"Wagner, 1936",NA,NA,NA,NA,NA,"Thrassis stanfordi"
"FMNH","142",NA,NA,NA,NA,NA,NA,NA,"Anomiopsyllus amphibolus Wagner, 1936",NA,NA,NA,NA,NA,NA,NA,"Animalia","Arthropoda","Insecta","Siphonaptera","Hystrichopsyllidae","Anomiopsyllus",NA,"amphibolus",NA,"species",NA,"Wagner, 1936",NA,NA,NA,NA,NA,"Anomiopsyllus amphibolus"
"FMNH","143",NA,NA,NA,NA,NA,NA,NA,"Anomiopsyllus falsicalifornicus congruens Stewart, 1940",NA,NA,NA,NA,NA,NA,NA,"Animalia","Arthropoda","Insecta","Siphonaptera","Hystrichopsyllidae","Anomiopsyllus",NA,"falsicalifornicus","congruens","subspecies",NA,"Stewart, 1940",NA,NA,NA,NA,NA,"Anomiopsyllus falsicalifornicus congruens"
"FMNH","144",NA,NA,NA,NA,NA,NA,NA,"Anomiopsyllus falsicalifornicus Fox, 1929",NA,NA,NA,NA,NA,NA,NA,"Animalia","Arthropoda","Insecta","Siphonaptera","Hystrichopsyllidae","Anomiopsyllus",NA,"falsicalifornicus",NA,"species",NA,"Fox, 1929",NA,NA,NA,NA,NA,"Anomiopsyllus falsicalifornicus"
"FMNH","145",NA,NA,NA,NA,NA,NA,NA,"Anomiopsyllus montanus Collins, 1935",NA,NA,NA,NA,NA,NA,NA,"Animalia","Arthropoda","Insecta","Siphonaptera","Hystrichopsyllidae","Anomiopsyllus",NA,"montanus",NA,"species",NA,"Collins, 1935",NA,NA,NA,NA,NA,"Anomiopsyllus montanus"
"FMNH","146",NA,NA,NA,NA,NA,NA,NA,"Anomiopsyllus novomexicanensis Williams & Hoff, 1951",NA,NA,NA,NA,NA,NA,NA,"Animalia","Arthropoda","Insecta","Siphonaptera","Hystrichopsyllidae","Anomiopsyllus",NA,"novomexicanensis",NA,"species",NA,"Williams & Hoff, 1951",NA,NA,NA,NA,NA,"Anomiopsyllus novomexicanensis"
"FMNH","147",NA,NA,NA,NA,NA,NA,NA,"Anomiopsyllus nudatus",NA,NA,NA,NA,NA,NA,NA,"Animalia","Arthropoda","Insecta","Siphonaptera","Hystrichopsyllidae","Anomiopsyllus",NA,"nudatus",NA,"species",NA,"",NA,NA,NA,NA,NA,"Anomiopsyllus nudatus"
"FMNH","148",NA,NA,NA,NA,NA,NA,NA,"Anomiopsyllus nudatus hiemalis Eads & Menzies, 1948",NA,NA,NA,NA,NA,NA,NA,"Animalia","Arthropoda","Insecta","Siphonaptera","Hystrichopsyllidae","Anomiopsyllus",NA,"nudatus","hiemalis","subspecies",NA,"Eads & Menzies, 1948",NA,NA,NA,NA,NA,"Anomiopsyllus nudatus hiemalis"
"FMNH","149",NA,NA,NA,NA,NA,NA,NA,"Anomiopsyllus nudatus mexicanus Holland, 1965",NA,NA,NA,NA,NA,NA,NA,"Animalia","Arthropoda","Insecta","Siphonaptera","Hystrichopsyllidae","Anomiopsyllus",NA,"nudatus","mexicanus","subspecies",NA,"Holland, 1965",NA,NA,NA,NA,NA,"Anomiopsyllus nudatus mexicanus"
"FMNH","151",NA,NA,NA,NA,NA,NA,NA,"Anomiopsyllus walkeri Barnes, 1965",NA,NA,NA,NA,NA,NA,NA,"Animalia","Arthropoda","Insecta","Siphonaptera","Hystrichopsyllidae","Anomiopsyllus",NA,"walkeri",NA,"species",NA,"Barnes, 1965",NA,NA,NA,NA,NA,"Anomiopsyllus walkeri"
"FMNH","152",NA,NA,NA,NA,NA,NA,NA,"Atyphloceras bishopi Jordan, 1933",NA,NA,NA,NA,NA,NA,NA,"Animalia","Arthropoda","Insecta","Siphonaptera","Hystrichopsyllidae","Atyphloceras",NA,"bishopi",NA,"species",NA,"Jordan, 1933",NA,NA,NA,NA,NA,"Atyphloceras bishopi"
"FMNH","153",NA,NA,NA,NA,NA,NA,NA,"Atyphloceras echis echis Jordan & Rothschild, 1915",NA,NA,NA,NA,NA,NA,NA,"Animalia","Arthropoda","Insecta","Siphonaptera","Hystrichopsyllidae","Atyphloceras",NA,"echis","echis","subspecies",NA,"Jordan & Rothschild, 1915",NA,NA,NA,NA,NA,"Atyphloceras echis echis"
"FMNH","154",NA,NA,NA,NA,NA,NA,NA,"Atyphloceras echis longipalpus Stewart, 1940",NA,NA,NA,NA,NA,NA,NA,"Animalia","Arthropoda","Insecta","Siphonaptera","Hystrichopsyllidae","Atyphloceras",NA,"echis","longipalpus","subspecies",NA,"Stewart, 1940",NA,NA,NA,NA,NA,"Atyphloceras echis longipalpus"
"FMNH","155",NA,NA,NA,NA,NA,NA,NA,"Atyphloceras multidentatus multidentatus Fox, 1909",NA,NA,NA,NA,NA,NA,NA,"Animalia","Arthropoda","Insecta","Siphonaptera","Hystrichopsyllidae","Atyphloceras",NA,"multidentatus","multidentatus","subspecies",NA,"Fox, 1909",NA,NA,NA,NA,NA,"Atyphloceras multidentatus multidentatus"
"FMNH","157",NA,NA,NA,NA,NA,NA,NA,"Callistopsyllus terinus terinus (Rothschild, 1905)",NA,NA,NA,NA,NA,NA,NA,"Animalia","Arthropoda","Insecta","Siphonaptera","Hystrichopsyllidae","Callistopsyllus",NA,"terinus","terinus","subspecies",NA,"Rothschild, 1905",NA,NA,NA,NA,NA,"Callistopsyllus terinus terinus"
"FMNH","158",NA,NA,NA,NA,NA,NA,NA,"Carteretta carteri Fox, 1927",NA,NA,NA,NA,NA,NA,NA,"Animalia","Arthropoda","Insecta","Siphonaptera","Hystrichopsyllidae","Carteretta",NA,"carteri",NA,"species",NA,"Fox, 1927",NA,NA,NA,NA,NA,"Carteretta carteri"
"FMNH","159",NA,NA,NA,NA,NA,NA,NA,"Catallagia borealis Ewing, 1929",NA,NA,NA,NA,NA,NA,NA,"Animalia","Arthropoda","Insecta","Siphonaptera","Hystrichopsyllidae","Catallagia",NA,"borealis",NA,"species",NA,"Ewing, 1929",NA,NA,NA,NA,NA,"Catallagia borealis"
"FMNH","160",NA,NA,NA,NA,NA,NA,NA,"Catallagia charlottensis (Baker, 1898)",NA,NA,NA,NA,NA,NA,NA,"Animalia","Arthropoda","Insecta","Siphonaptera","Hystrichopsyllidae","Catallagia",NA,"charlottensis",NA,"species",NA,"Baker, 1898",NA,NA,NA,NA,NA,"Catallagia charlottensis"
"FMNH","161",NA,NA,NA,NA,NA,NA,NA,"Catallagia dacenkoi fulleri Holland, 1951",NA,NA,NA,NA,NA,NA,NA,"Animalia","Arthropoda","Insecta","Siphonaptera","Hystrichopsyllidae","Catallagia",NA,"dacenkoi","fulleri","subspecies",NA,"Holland, 1951",NA,NA,NA,NA,NA,"Catallagia dacenkoi fulleri"
"FMNH","162",NA,NA,NA,NA,NA,NA,NA,"Catallagia decipiens Rothschild, 1915",NA,NA,NA,NA,NA,NA,NA,"Animalia","Arthropoda","Insecta","Siphonaptera","Hystrichopsyllidae","Catallagia",NA,"decipiens",NA,"species",NA,"Rothschild, 1915",NA,NA,NA,NA,NA,"Catallagia decipiens"
"FMNH","163",NA,NA,NA,NA,NA,NA,NA,"Catallagia duffneri Lewis & Haas, 2001",NA,NA,NA,NA,NA,NA,NA,"Animalia","Arthropoda","Insecta","Siphonaptera","Hystrichopsyllidae","Catallagia",NA,"duffneri",NA,"species",NA,"Lewis & Haas, 2001",NA,NA,NA,NA,NA,"Catallagia duffneri"
"FMNH","164",NA,NA,NA,NA,NA,NA,NA,"Catallagia mathesoni Jameson, 1950",NA,NA,NA,NA,NA,NA,NA,"Animalia","Arthropoda","Insecta","Siphonaptera","Hystrichopsyllidae","Catallagia",NA,"mathesoni",NA,"species",NA,"Jameson, 1950",NA,NA,NA,NA,NA,"Catallagia mathesoni"
"FMNH","165",NA,NA,NA,NA,NA,NA,NA,"Catallagia sculleni",NA,NA,NA,NA,NA,NA,NA,"Animalia","Arthropoda","Insecta","Siphonaptera","Hystrichopsyllidae","Catallagia",NA,"sculleni",NA,"species",NA,"",NA,NA,NA,NA,NA,"Catallagia sculleni"
"FMNH","166",NA,NA,NA,NA,NA,NA,NA,"Catallagia sculleni chamberlini Hubbard, 1940",NA,NA,NA,NA,NA,NA,NA,"Animalia","Arthropoda","Insecta","Siphonaptera","Hystrichopsyllidae","Catallagia",NA,"sculleni","chamberlini","subspecies",NA,"Hubbard, 1940",NA,NA,NA,NA,NA,"Catallagia sculleni chamberlini"
"FMNH","167",NA,NA,NA,NA,NA,NA,NA,"Catallagia sculleni sculleni Hubbard, 1940",NA,NA,NA,NA,NA,NA,NA,"Animalia","Arthropoda","Insecta","Siphonaptera","Hystrichopsyllidae","Catallagia",NA,"sculleni","sculleni","subspecies",NA,"Hubbard, 1940",NA,NA,NA,NA,NA,"Catallagia sculleni sculleni"
"FMNH","169",NA,NA,NA,NA,NA,NA,NA,"Catallagia wymani",NA,NA,NA,NA,NA,NA,NA,"Animalia","Arthropoda","Insecta","Siphonaptera","Hystrichopsyllidae","Catallagia",NA,"wymani",NA,"species",NA,"",NA,NA,NA,NA,NA,"Catallagia wymani"
"FMNH","170",NA,NA,NA,NA,NA,NA,NA,"Conorhinopsylla nidicola Jellison, 1945",NA,NA,NA,NA,NA,NA,NA,"Animalia","Arthropoda","Insecta","Siphonaptera","Hystrichopsyllidae","Conorhinopsylla",NA,"nidicola",NA,"species",NA,"Jellison, 1945",NA,NA,NA,NA,NA,"Conorhinopsylla nidicola"
"FMNH","171",NA,NA,NA,NA,NA,NA,NA,"Conorhinopsylla stanfordi Stewart, 1930",NA,NA,NA,NA,NA,NA,NA,"Animalia","Arthropoda","Insecta","Siphonaptera","Hystrichopsyllidae","Conorhinopsylla",NA,"stanfordi",NA,"species",NA,"Stewart, 1930",NA,NA,NA,NA,NA,"Conorhinopsylla stanfordi"
"FMNH","172",NA,NA,NA,NA,NA,NA,NA,"Corrodopsylla curvata",NA,NA,NA,NA,NA,NA,NA,"Animalia","Arthropoda","Insecta","Siphonaptera","Hystrichopsyllidae","Corrodopsylla",NA,"curvata",NA,"species",NA,"",NA,NA,NA,NA,NA,"Corrodopsylla curvata"
"FMNH","173",NA,NA,NA,NA,NA,NA,NA,"Corrodopsylla curvata curvata (Rothschild, 1915)",NA,NA,NA,NA,NA,NA,NA,"Animalia","Arthropoda","Insecta","Siphonaptera","Hystrichopsyllidae","Corrodopsylla",NA,"curvata","curvata","subspecies",NA,"Rothschild, 1915",NA,NA,NA,NA,NA,"Corrodopsylla curvata curvata"
"FMNH","174",NA,NA,NA,NA,NA,NA,NA,"Corrodopsylla curvata obtusata (Wagner, 1929)",NA,NA,NA,NA,NA,NA,NA,"Animalia","Arthropoda","Insecta","Siphonaptera","Hystrichopsyllidae","Corrodopsylla",NA,"curvata","obtusata","subspecies",NA,"Wagner, 1929",NA,NA,NA,NA,NA,"Corrodopsylla curvata obtusata"
"FMNH","175",NA,NA,NA,NA,NA,NA,NA,"Corrodopsylla hamiltoni (Traub, 1944)",NA,NA,NA,NA,NA,NA,NA,"Animalia","Arthropoda","Insecta","Siphonaptera","Hystrichopsyllidae","Corrodopsylla",NA,"hamiltoni",NA,"species",NA,"Traub, 1944",NA,NA,NA,NA,NA,"Corrodopsylla hamiltoni"
"FMNH","176",NA,NA,NA,NA,NA,NA,NA,"Corypsylla jordani Hubbard, 1940",NA,NA,NA,NA,NA,NA,NA,"Animalia","Arthropoda","Insecta","Siphonaptera","Hystrichopsyllidae","Corypsylla",NA,"jordani",NA,"species",NA,"Hubbard, 1940",NA,NA,NA,NA,NA,"Corypsylla jordani"
"FMNH","177",NA,NA,NA,NA,NA,NA,NA,"Corypsylla kohlsi",NA,NA,NA,NA,NA,NA,NA,"Animalia","Arthropoda","Insecta","Siphonaptera","Hystrichopsyllidae","Corypsylla",NA,"kohlsi",NA,"species",NA,"",NA,NA,NA,NA,NA,"Corypsylla kohlsi"
"FMNH","178",NA,NA,NA,NA,NA,NA,NA,"Corypsylla ornata Fox, 1908",NA,NA,NA,NA,NA,NA,NA,"Animalia","Arthropoda","Insecta","Siphonaptera","Hystrichopsyllidae","Corypsylla",NA,"ornata",NA,"species",NA,"Fox, 1908",NA,NA,NA,NA,NA,"Corypsylla ornata"
"FMNH","180",NA,NA,NA,NA,NA,NA,NA,"Ctenophthalmus (Nearctoctenophthalmus) pseudagyrtes pseudagyrtes Baker, 1904",NA,NA,NA,NA,NA,NA,NA,"Animalia","Arthropoda","Insecta","Siphonaptera","Hystrichopsyllidae","Ctenophthalmus","Nearctoctenophthalmus","pseudagyrtes","pseudagyrtes","subspecies",NA,"Baker, 1904",NA,NA,NA,NA,NA,"Ctenophthalmus pseudagyrtes pseudagyrtes"
"FMNH","181",NA,NA,NA,NA,NA,NA,NA,"Ctenophthalmus pseudagyrtes Baker, 1904",NA,NA,NA,NA,NA,NA,NA,"Animalia","Arthropoda","Insecta","Siphonaptera","Hystrichopsyllidae","Ctenophthalmus",NA,"pseudagyrtes",NA,"species",NA,"Baker, 1904",NA,NA,NA,NA,NA,"Ctenophthalmus pseudagyrtes"
"FMNH","182",NA,NA,NA,NA,NA,NA,NA,"Delotelis hollandi Smit, 1952",NA,NA,NA,NA,NA,NA,NA,"Animalia","Arthropoda","Insecta","Siphonaptera","Hystrichopsyllidae","Delotelis",NA,"hollandi",NA,"species",NA,"Smit, 1952",NA,NA,NA,NA,NA,"Delotelis hollandi"
"FMNH","183",NA,NA,NA,NA,NA,NA,NA,"Epitedia neotomae Jameson, 1946",NA,NA,NA,NA,NA,NA,NA,"Animalia","Arthropoda","Insecta","Siphonaptera","Hystrichopsyllidae","Epitedia",NA,"neotomae",NA,"species",NA,"Jameson, 1946",NA,NA,NA,NA,NA,"Epitedia neotomae"
"FMNH","184",NA,NA,NA,NA,NA,NA,NA,"Epitedia scapani (Wagner, 1936)",NA,NA,NA,NA,NA,NA,NA,"Animalia","Arthropoda","Insecta","Siphonaptera","Hystrichopsyllidae","Epitedia",NA,"scapani",NA,"species",NA,"Wagner, 1936",NA,NA,NA,NA,NA,"Epitedia scapani"
"FMNH","185",NA,NA,NA,NA,NA,NA,NA,"Epitedia wenmanni (Rothschild, 1904)",NA,NA,NA,NA,NA,NA,NA,"Animalia","Arthropoda","Insecta","Siphonaptera","Hystrichopsyllidae","Epitedia",NA,"wenmanni",NA,"species",NA,"Rothschild, 1904",NA,NA,NA,NA,NA,"Epitedia wenmanni"
"FMNH","186",NA,NA,NA,NA,NA,NA,NA,"Hystrichopsylla dippiei",NA,NA,NA,NA,NA,NA,NA,"Animalia","Arthropoda","Insecta","Siphonaptera","Hystrichopsyllidae","Hystrichopsylla",NA,"dippiei",NA,"species",NA,"",NA,NA,NA,NA,NA,"Hystrichopsylla dippiei"
"FMNH","187",NA,NA,NA,NA,NA,NA,NA,"Hystrichopsylla dippiei dippiei Rothschild, 1902",NA,NA,NA,NA,NA,NA,NA,"Animalia","Arthropoda","Insecta","Siphonaptera","Hystrichopsyllidae","Hystrichopsylla",NA,"dippiei","dippiei","subspecies",NA,"Rothschild, 1902",NA,NA,NA,NA,NA,"Hystrichopsylla dippiei dippiei"
"FMNH","188",NA,NA,NA,NA,NA,NA,NA,"Hystrichopsylla occidentalis occidentalis Holland, 1949",NA,NA,NA,NA,NA,NA,NA,"Animalia","Arthropoda","Insecta","Siphonaptera","Hystrichopsyllidae","Hystrichopsylla",NA,"occidentalis","occidentalis","subspecies",NA,"Holland, 1949",NA,NA,NA,NA,NA,"Hystrichopsylla occidentalis occidentalis"
"FMNH","189",NA,NA,NA,NA,NA,NA,NA,"Hystrichopsylla schefferi Chapin, 1919",NA,NA,NA,NA,NA,NA,NA,"Animalia","Arthropoda","Insecta","Siphonaptera","Hystrichopsyllidae","Hystrichopsylla",NA,"schefferi",NA,"species",NA,"Chapin, 1919",NA,NA,NA,NA,NA,"Hystrichopsylla schefferi"
"FMNH","190",NA,NA,NA,NA,NA,NA,NA,"Hystrichopsylla tahavuana",NA,NA,NA,NA,NA,NA,NA,"Animalia","Arthropoda","Insecta","Siphonaptera","Hystrichopsyllidae","Hystrichopsylla",NA,"tahavuana",NA,"species",NA,"",NA,NA,NA,NA,NA,"Hystrichopsylla tahavuana"
"FMNH","191",NA,NA,NA,NA,NA,NA,NA,"Hystrichopsylla talpae talpae (Curtis, 1826)",NA,NA,NA,NA,NA,NA,NA,"Animalia","Arthropoda","Insecta","Siphonaptera","Hystrichopsyllidae","Hystrichopsylla",NA,"talpae","talpae","subspecies",NA,"Curtis, 1826",NA,NA,NA,NA,NA,"Hystrichopsylla talpae talpae"
"FMNH","193",NA,NA,NA,NA,NA,NA,NA,"Jordanopsylla allredi Traub & Tipton, 1951",NA,NA,NA,NA,NA,NA,NA,"Animalia","Arthropoda","Insecta","Siphonaptera","Hystrichopsyllidae","Jordanopsylla",NA,"allredi",NA,"species",NA,"Traub & Tipton, 1951",NA,NA,NA,NA,NA,"Jordanopsylla allredi"
"FMNH","194",NA,NA,NA,NA,NA,NA,NA,"Jordanopsylla becki Hastriter, 2000",NA,NA,NA,NA,NA,NA,NA,"Animalia","Arthropoda","Insecta","Siphonaptera","Hystrichopsyllidae","Jordanopsylla",NA,"becki",NA,"species",NA,"Hastriter, 2000",NA,NA,NA,NA,NA,"Jordanopsylla becki"
"FMNH","195",NA,NA,NA,NA,NA,NA,NA,"Megarthroglossus bisetis Jordan & Rothschild, 1915",NA,NA,NA,NA,NA,NA,NA,"Animalia","Arthropoda","Insecta","Siphonaptera","Hystrichopsyllidae","Megarthroglossus",NA,"bisetis",NA,"species",NA,"Jordan & Rothschild, 1915",NA,NA,NA,NA,NA,"Megarthroglossus bisetis"
"FMNH","196",NA,NA,NA,NA,NA,NA,NA,"Megarthroglossus cavernicolus Mendez & Haas, 1972",NA,NA,NA,NA,NA,NA,NA,"Animalia","Arthropoda","Insecta","Siphonaptera","Hystrichopsyllidae","Megarthroglossus",NA,"cavernicolus",NA,"species",NA,"Mendez & Haas, 1972",NA,NA,NA,NA,NA,"Megarthroglossus cavernicolus"
"FMNH","197",NA,NA,NA,NA,NA,NA,NA,"Megarthroglossus jamesoni Smit, 1953",NA,NA,NA,NA,NA,NA,NA,"Animalia","Arthropoda","Insecta","Siphonaptera","Hystrichopsyllidae","Megarthroglossus",NA,"jamesoni",NA,"species",NA,"Smit, 1953",NA,NA,NA,NA,NA,"Megarthroglossus jamesoni"
"FMNH","198",NA,NA,NA,NA,NA,NA,NA,"Megarthroglossus procus Jordan & Rothschild, 1915",NA,NA,NA,NA,NA,NA,NA,"Animalia","Arthropoda","Insecta","Siphonaptera","Hystrichopsyllidae","Megarthroglossus",NA,"procus",NA,"species",NA,"Jordan & Rothschild, 1915",NA,NA,NA,NA,NA,"Megarthroglossus procus"
"FMNH","199",NA,NA,NA,NA,NA,NA,NA,"Megarthroglossus sierrae Augustson, 1953",NA,NA,NA,NA,NA,NA,NA,"Animalia","Arthropoda","Insecta","Siphonaptera","Hystrichopsyllidae","Megarthroglossus",NA,"sierrae",NA,"species",NA,"Augustson, 1953",NA,NA,NA,NA,NA,"Megarthroglossus sierrae"
"FMNH","200",NA,NA,NA,NA,NA,NA,NA,"Megarthroglossus smiti Mendez, 1954",NA,NA,NA,NA,NA,NA,NA,"Animalia","Arthropoda","Insecta","Siphonaptera","Hystrichopsyllidae","Megarthroglossus",NA,"smiti",NA,"species",NA,"Mendez, 1954",NA,NA,NA,NA,NA,"Megarthroglossus smiti"
"FMNH","201",NA,NA,NA,NA,NA,NA,NA,"Megarthroglossus spenceri Wagner, 1936",NA,NA,NA,NA,NA,NA,NA,"Animalia","Arthropoda","Insecta","Siphonaptera","Hystrichopsyllidae","Megarthroglossus",NA,"spenceri",NA,"species",NA,"Wagner, 1936",NA,NA,NA,NA,NA,"Megarthroglossus spenceri"
"FMNH","203",NA,NA,NA,NA,NA,NA,NA,"Megarthroglossus weaveri Eads & Campos, 1977",NA,NA,NA,NA,NA,NA,NA,"Animalia","Arthropoda","Insecta","Siphonaptera","Hystrichopsyllidae","Megarthroglossus",NA,"weaveri",NA,"species",NA,"Eads & Campos, 1977",NA,NA,NA,NA,NA,"Megarthroglossus weaveri"
"FMNH","204",NA,NA,NA,NA,NA,NA,NA,"Megarthroglossus wilsoni Mendez & Haas, 1973",NA,NA,NA,NA,NA,NA,NA,"Animalia","Arthropoda","Insecta","Siphonaptera","Hystrichopsyllidae","Megarthroglossus",NA,"wilsoni",NA,"species",NA,"Mendez & Haas, 1973",NA,NA,NA,NA,NA,"Megarthroglossus wilsoni"
"FMNH","205",NA,NA,NA,NA,NA,NA,NA,"Meringis agilis Eads, 1960",NA,NA,NA,NA,NA,NA,NA,"Animalia","Arthropoda","Insecta","Siphonaptera","Hystrichopsyllidae","Meringis",NA,"agilis",NA,"species",NA,"Eads, 1960",NA,NA,NA,NA,NA,"Meringis agilis"
"FMNH","206",NA,NA,NA,NA,NA,NA,NA,"Meringis altipecten Traub & Hoff, 1951",NA,NA,NA,NA,NA,NA,NA,"Animalia","Arthropoda","Insecta","Siphonaptera","Hystrichopsyllidae","Meringis",NA,"altipecten",NA,"species",NA,"Traub & Hoff, 1951",NA,NA,NA,NA,NA,"Meringis altipecten"
"FMNH","207",NA,NA,NA,NA,NA,NA,NA,"Meringis arachis (Jordan, 1929)",NA,NA,NA,NA,NA,NA,NA,"Animalia","Arthropoda","Insecta","Siphonaptera","Hystrichopsyllidae","Meringis",NA,"arachis",NA,"species",NA,"Jordan, 1929",NA,NA,NA,NA,NA,"Meringis arachis"
"FMNH","208",NA,NA,NA,NA,NA,NA,NA,"Meringis bilsingi Eads & Menzies, 1949",NA,NA,NA,NA,NA,NA,NA,"Animalia","Arthropoda","Insecta","Siphonaptera","Hystrichopsyllidae","Meringis",NA,"bilsingi",NA,"species",NA,"Eads & Menzies, 1949",NA,NA,NA,NA,NA,"Meringis bilsingi"
"FMNH","209",NA,NA,NA,NA,NA,NA,NA,"Meringis californicus Augustson, 1953",NA,NA,NA,NA,NA,NA,NA,"Animalia","Arthropoda","Insecta","Siphonaptera","Hystrichopsyllidae","Meringis",NA,"californicus",NA,"species",NA,"Augustson, 1953",NA,NA,NA,NA,NA,"Meringis californicus"
"FMNH","210",NA,NA,NA,NA,NA,NA,NA,"Meringis cummingi",NA,NA,NA,NA,NA,NA,NA,"Animalia","Arthropoda","Insecta","Siphonaptera","Hystrichopsyllidae","Meringis",NA,"cummingi",NA,"species",NA,"",NA,NA,NA,NA,NA,"Meringis cummingi"
"FMNH","211",NA,NA,NA,NA,NA,NA,NA,"Meringis deserti Augustson, 1953",NA,NA,NA,NA,NA,NA,NA,"Animalia","Arthropoda","Insecta","Siphonaptera","Hystrichopsyllidae","Meringis",NA,"deserti",NA,"species",NA,"Augustson, 1953",NA,NA,NA,NA,NA,"Meringis deserti"
"FMNH","212",NA,NA,NA,NA,NA,NA,NA,"Meringis dipodomys Kohls, 1938",NA,NA,NA,NA,NA,NA,NA,"Animalia","Arthropoda","Insecta","Siphonaptera","Hystrichopsyllidae","Meringis",NA,"dipodomys",NA,"species",NA,"Kohls, 1938",NA,NA,NA,NA,NA,"Meringis dipodomys"
"FMNH","213",NA,NA,NA,NA,NA,NA,NA,"Meringis disparalis Eads, 1979",NA,NA,NA,NA,NA,NA,NA,"Animalia","Arthropoda","Insecta","Siphonaptera","Hystrichopsyllidae","Meringis",NA,"disparalis",NA,"species",NA,"Eads, 1979",NA,NA,NA,NA,NA,"Meringis disparalis"
"FMNH","214",NA,NA,NA,NA,NA,NA,NA,"Meringis facilis Eads, 1979",NA,NA,NA,NA,NA,NA,NA,"Animalia","Arthropoda","Insecta","Siphonaptera","Hystrichopsyllidae","Meringis",NA,"facilis",NA,"species",NA,"Eads, 1979",NA,NA,NA,NA,NA,"Meringis facilis"
"FMNH","215",NA,NA,NA,NA,NA,NA,NA,"Meringis hubbardi Kohls, 1938",NA,NA,NA,NA,NA,NA,NA,"Animalia","Arthropoda","Insecta","Siphonaptera","Hystrichopsyllidae","Meringis",NA,"hubbardi",NA,"species",NA,"Kohls, 1938",NA,NA,NA,NA,NA,"Meringis hubbardi"
"FMNH","216",NA,NA,NA,NA,NA,NA,NA,"Meringis jamesoni Hubbard, 1943",NA,NA,NA,NA,NA,NA,NA,"Animalia","Arthropoda","Insecta","Siphonaptera","Hystrichopsyllidae","Meringis",NA,"jamesoni",NA,"species",NA,"Hubbard, 1943",NA,NA,NA,NA,NA,"Meringis jamesoni"
"FMNH","217",NA,NA,NA,NA,NA,NA,NA,"Meringis nidi Williams & Hoff, 1951",NA,NA,NA,NA,NA,NA,NA,"Animalia","Arthropoda","Insecta","Siphonaptera","Hystrichopsyllidae","Meringis",NA,"nidi",NA,"species",NA,"Williams & Hoff, 1951",NA,NA,NA,NA,NA,"Meringis nidi"
"FMNH","218",NA,NA,NA,NA,NA,NA,NA,"Meringis parkeri",NA,NA,NA,NA,NA,NA,NA,"Animalia","Arthropoda","Insecta","Siphonaptera","Hystrichopsyllidae","Meringis",NA,"parkeri",NA,"species",NA,"",NA,NA,NA,NA,NA,"Meringis parkeri"
"FMNH","219",NA,NA,NA,NA,NA,NA,NA,"Meringis rectus Morlan, 1953",NA,NA,NA,NA,NA,NA,NA,"Animalia","Arthropoda","Insecta","Siphonaptera","Hystrichopsyllidae","Meringis",NA,"rectus",NA,"species",NA,"Morlan, 1953",NA,NA,NA,NA,NA,"Meringis rectus"
"FMNH","220",NA,NA,NA,NA,NA,NA,NA,"Meringis shannoni",NA,NA,NA,NA,NA,NA,NA,"Animalia","Arthropoda","Insecta","Siphonaptera","Hystrichopsyllidae","Meringis",NA,"shannoni",NA,"species",NA,"",NA,NA,NA,NA,NA,"Meringis shannoni"
"FMNH","222",NA,NA,NA,NA,NA,NA,NA,"Meringis vitabilis Eads, 1960",NA,NA,NA,NA,NA,NA,NA,"Animalia","Arthropoda","Insecta","Siphonaptera","Hystrichopsyllidae","Meringis",NA,"vitabilis",NA,"species",NA,"Eads, 1960",NA,NA,NA,NA,NA,"Meringis vitabilis"
"FMNH","223",NA,NA,NA,NA,NA,NA,NA,"Nearctopsylla (Beringopsylla) genalis",NA,NA,NA,NA,NA,NA,NA,"Animalia","Arthropoda","Insecta","Siphonaptera","Hystrichopsyllidae","Nearctopsylla","Beringopsylla","genalis",NA,"species",NA,"",NA,NA,NA,NA,NA,"Nearctopsylla genalis"
"FMNH","224",NA,NA,NA,NA,NA,NA,NA,"Nearctopsylla (Beringopsylla) genalis genalis (Baker, 1904)",NA,NA,NA,NA,NA,NA,NA,"Animalia","Arthropoda","Insecta","Siphonaptera","Hystrichopsyllidae","Nearctopsylla","Beringopsylla","genalis","genalis","subspecies",NA,"Baker, 1904",NA,NA,NA,NA,NA,"Nearctopsylla genalis genalis"
"FMNH","225",NA,NA,NA,NA,NA,NA,NA,"Nearctopsylla (Beringopsylla) genalis hygini (Rothschild, 1904)",NA,NA,NA,NA,NA,NA,NA,"Animalia","Arthropoda","Insecta","Siphonaptera","Hystrichopsyllidae","Nearctopsylla","Beringopsylla","genalis","hygini","subspecies",NA,"Rothschild, 1904",NA,NA,NA,NA,NA,"Nearctopsylla genalis hygini"
"FMNH","226",NA,NA,NA,NA,NA,NA,NA,"Nearctopsylla (Beringopsylla) hyrtaci (Rothschild, 1904)",NA,NA,NA,NA,NA,NA,NA,"Animalia","Arthropoda","Insecta","Siphonaptera","Hystrichopsyllidae","Nearctopsylla","Beringopsylla","hyrtaci",NA,"species",NA,"Rothschild, 1904",NA,NA,NA,NA,NA,"Nearctopsylla hyrtaci"
"FMNH","227",NA,NA,NA,NA,NA,NA,NA,"Nearctopsylla (Beringopsylla) traubi Hubbard, 1949",NA,NA,NA,NA,NA,NA,NA,"Animalia","Arthropoda","Insecta","Siphonaptera","Hystrichopsyllidae","Nearctopsylla","Beringopsylla","traubi",NA,"species",NA,"Hubbard, 1949",NA,NA,NA,NA,NA,"Nearctopsylla traubi"
"FMNH","228",NA,NA,NA,NA,NA,NA,NA,"Nearctopsylla (Nearctopsylla) brooksi (Rothschild, 1904)",NA,NA,NA,NA,NA,NA,NA,"Animalia","Arthropoda","Insecta","Siphonaptera","Hystrichopsyllidae","Nearctopsylla","Nearctopsylla","brooksi",NA,"species",NA,"Rothschild, 1904",NA,NA,NA,NA,NA,"Nearctopsylla brooksi"
"FMNH","229",NA,NA,NA,NA,NA,NA,NA,"Nearctopsylla jordani Hubbard, 1949",NA,NA,NA,NA,NA,NA,NA,"Animalia","Arthropoda","Insecta","Siphonaptera","Hystrichopsyllidae","Nearctopsylla",NA,"jordani",NA,"species",NA,"Hubbard, 1949",NA,NA,NA,NA,NA,"Nearctopsylla jordani"
"FMNH","230",NA,NA,NA,NA,NA,NA,NA,"Nearctopsylla princei Holland & Jameson, 1950",NA,NA,NA,NA,NA,NA,NA,"Animalia","Arthropoda","Insecta","Siphonaptera","Hystrichopsyllidae","Nearctopsylla",NA,"princei",NA,"species",NA,"Holland & Jameson, 1950",NA,NA,NA,NA,NA,"Nearctopsylla princei"
"FMNH","231",NA,NA,NA,NA,NA,NA,NA,"Neopsylla inopina Rothschild, 1915",NA,NA,NA,NA,NA,NA,NA,"Animalia","Arthropoda","Insecta","Siphonaptera","Hystrichopsyllidae","Neopsylla",NA,"inopina",NA,"species",NA,"Rothschild, 1915",NA,NA,NA,NA,NA,"Neopsylla inopina"
"FMNH","233",NA,NA,NA,NA,NA,NA,NA,"Paratyphloceras oregonensis Ewing, 1940",NA,NA,NA,NA,NA,NA,NA,"Animalia","Arthropoda","Insecta","Siphonaptera","Hystrichopsyllidae","Paratyphloceras",NA,"oregonensis",NA,"species",NA,"Ewing, 1940",NA,NA,NA,NA,NA,"Paratyphloceras oregonensis"
"FMNH","234",NA,NA,NA,NA,NA,NA,NA,"Phalacropsylla allos Wagner, 1936",NA,NA,NA,NA,NA,NA,NA,"Animalia","Arthropoda","Insecta","Siphonaptera","Hystrichopsyllidae","Phalacropsylla",NA,"allos",NA,"species",NA,"Wagner, 1936",NA,NA,NA,NA,NA,"Phalacropsylla allos"
"FMNH","235",NA,NA,NA,NA,NA,NA,NA,"Phalacropsylla paradisea Rothschild, 1915",NA,NA,NA,NA,NA,NA,NA,"Animalia","Arthropoda","Insecta","Siphonaptera","Hystrichopsyllidae","Phalacropsylla",NA,"paradisea",NA,"species",NA,"Rothschild, 1915",NA,NA,NA,NA,NA,"Phalacropsylla paradisea"
"FMNH","237",NA,NA,NA,NA,NA,NA,NA,"Rhadinopsylla (Acetnophthalmus) heiseri",NA,NA,NA,NA,NA,NA,NA,"Animalia","Arthropoda","Insecta","Siphonaptera","Hystrichopsyllidae","Rhadinopsylla","Acetnophthalmus","heiseri",NA,"species",NA,"",NA,NA,NA,NA,NA,"Rhadinopsylla heiseri"
"FMNH","238",NA,NA,NA,NA,NA,NA,NA,"Rhadinopsylla (Actenophthalmus) fraterna (Baker, 1895)",NA,NA,NA,NA,NA,NA,NA,"Animalia","Arthropoda","Insecta","Siphonaptera","Hystrichopsyllidae","Rhadinopsylla","Actenophthalmus","fraterna",NA,"species",NA,"Baker, 1895",NA,NA,NA,NA,NA,"Rhadinopsylla fraterna"
"FMNH","239",NA,NA,NA,NA,NA,NA,NA,"Rhadinopsylla (Actenophthalmus) multidenticulata Morlan & Prince, 1954",NA,NA,NA,NA,NA,NA,NA,"Animalia","Arthropoda","Insecta","Siphonaptera","Hystrichopsyllidae","Rhadinopsylla","Actenophthalmus","multidenticulata",NA,"species",NA,"Morlan & Prince, 1954",NA,NA,NA,NA,NA,"Rhadinopsylla multidenticulata"
"FMNH","240",NA,NA,NA,NA,NA,NA,NA,"Rhadinopsylla (Micropsylla) sectilis",NA,NA,NA,NA,NA,NA,NA,"Animalia","Arthropoda","Insecta","Siphonaptera","Hystrichopsyllidae","Rhadinopsylla","Micropsylla","sectilis",NA,"species",NA,"",NA,NA,NA,NA,NA,"Rhadinopsylla sectilis"
"FMNH","241",NA,NA,NA,NA,NA,NA,NA,"Rhadinopsylla (Micropsylla) sectilis sectilis Jordan & Rothschild, 1923",NA,NA,NA,NA,NA,NA,NA,"Animalia","Arthropoda","Insecta","Siphonaptera","Hystrichopsyllidae","Rhadinopsylla","Micropsylla","sectilis","sectilis","subspecies",NA,"Jordan & Rothschild, 1923",NA,NA,NA,NA,NA,"Rhadinopsylla sectilis sectilis"
"FMNH","242",NA,NA,NA,NA,NA,NA,NA,"Rhadinopsylla orama Smith, 1957",NA,NA,NA,NA,NA,NA,NA,"Animalia","Arthropoda","Insecta","Siphonaptera","Hystrichopsyllidae","Rhadinopsylla",NA,"orama",NA,"species",NA,"Smith, 1957",NA,NA,NA,NA,NA,"Rhadinopsylla orama"
"FMNH","244",NA,NA,NA,NA,NA,NA,NA,"Stenistomera alpina (Baker, 1895)",NA,NA,NA,NA,NA,NA,NA,"Animalia","Arthropoda","Insecta","Siphonaptera","Hystrichopsyllidae","Stenistomera",NA,"alpina",NA,"species",NA,"Baker, 1895",NA,NA,NA,NA,NA,"Stenistomera alpina"
"FMNH","246",NA,NA,NA,NA,NA,NA,NA,"Stenoponia americana",NA,NA,NA,NA,NA,NA,NA,"Animalia","Arthropoda","Insecta","Siphonaptera","Hystrichopsyllidae","Stenoponia",NA,"americana",NA,"species",NA,"",NA,NA,NA,NA,NA,"Stenoponia americana"
"FMNH","248",NA,NA,NA,NA,NA,NA,NA,"Tamiophila grandis (Rothschild, 1902)",NA,NA,NA,NA,NA,NA,NA,"Animalia","Arthropoda","Insecta","Siphonaptera","Hystrichopsyllidae","Tamiophila",NA,"grandis",NA,"species",NA,"Rothschild, 1902",NA,NA,NA,NA,NA,"Tamiophila grandis"
"FMNH","249",NA,NA,NA,NA,NA,NA,NA,"Trichopsylloides oregonensis Ewing, 1938",NA,NA,NA,NA,NA,NA,NA,"Animalia","Arthropoda","Insecta","Siphonaptera","Hystrichopsyllidae","Trichopsylloides",NA,"oregonensis",NA,"species",NA,"Ewing, 1938",NA,NA,NA,NA,NA,"Trichopsylloides oregonensis"
"FMNH","250",NA,NA,NA,NA,NA,NA,NA,"Ischnopsyllus (Ischnopsyllus) intermedius (Rothschild, 1898)",NA,NA,NA,NA,NA,NA,NA,"Animalia","Arthropoda","Insecta","Siphonaptera","Ischnopsyllidae","Ischnopsyllus","Ischnopsyllus","intermedius",NA,"species",NA,"Rothschild, 1898",NA,NA,NA,NA,NA,"Ischnopsyllus intermedius"
"FMNH","251",NA,NA,NA,NA,NA,NA,NA,"Myodopsylla collinsi Kohls, 1937",NA,NA,NA,NA,NA,NA,NA,"Animalia","Arthropoda","Insecta","Siphonaptera","Ischnopsyllidae","Myodopsylla",NA,"collinsi",NA,"species",NA,"Kohls, 1937",NA,NA,NA,NA,NA,"Myodopsylla collinsi"
"FMNH","252",NA,NA,NA,NA,NA,NA,NA,"Myodopsylla gentilis Jordan & Rothschild, 1921",NA,NA,NA,NA,NA,NA,NA,"Animalia","Arthropoda","Insecta","Siphonaptera","Ischnopsyllidae","Myodopsylla",NA,"gentilis",NA,"species",NA,"Jordan & Rothschild, 1921",NA,NA,NA,NA,NA,"Myodopsylla gentilis"
"FMNH","253",NA,NA,NA,NA,NA,NA,NA,"Myodopsylla insignis (Rothschild, 1903)",NA,NA,NA,NA,NA,NA,NA,"Animalia","Arthropoda","Insecta","Siphonaptera","Ischnopsyllidae","Myodopsylla",NA,"insignis",NA,"species",NA,"Rothschild, 1903",NA,NA,NA,NA,NA,"Myodopsylla insignis"
"FMNH","254",NA,NA,NA,NA,NA,NA,NA,"Myodopsylla palposa (Rothschild, 1904)",NA,NA,NA,NA,NA,NA,NA,"Animalia","Arthropoda","Insecta","Siphonaptera","Ischnopsyllidae","Myodopsylla",NA,"palposa",NA,"species",NA,"Rothschild, 1904",NA,NA,NA,NA,NA,"Myodopsylla palposa"
"FMNH","256",NA,NA,NA,NA,NA,NA,NA,"Nycteridopsylla chapini Jordan, 1929",NA,NA,NA,NA,NA,NA,NA,"Animalia","Arthropoda","Insecta","Siphonaptera","Ischnopsyllidae","Nycteridopsylla",NA,"chapini",NA,"species",NA,"Jordan, 1929",NA,NA,NA,NA,NA,"Nycteridopsylla chapini"
"FMNH","257",NA,NA,NA,NA,NA,NA,NA,"Nycteridopsylla intermedia Lewis & Wilson, 1982",NA,NA,NA,NA,NA,NA,NA,"Animalia","Arthropoda","Insecta","Siphonaptera","Ischnopsyllidae","Nycteridopsylla",NA,"intermedia",NA,"species",NA,"Lewis & Wilson, 1982",NA,NA,NA,NA,NA,"Nycteridopsylla intermedia"
"FMNH","259",NA,NA,NA,NA,NA,NA,NA,"Nycteridopsylla vancouverensis Wagner, 1936",NA,NA,NA,NA,NA,NA,NA,"Animalia","Arthropoda","Insecta","Siphonaptera","Ischnopsyllidae","Nycteridopsylla",NA,"vancouverensis",NA,"species",NA,"Wagner, 1936",NA,NA,NA,NA,NA,"Nycteridopsylla vancouverensis"
"FMNH","260",NA,NA,NA,NA,NA,NA,NA,"Sternopsylla distinca texana (Fox, 1914)",NA,NA,NA,NA,NA,NA,NA,"Animalia","Arthropoda","Insecta","Siphonaptera","Ischnopsyllidae","Sternopsylla",NA,"distinca","texana","subspecies",NA,"Fox, 1914",NA,NA,NA,NA,NA,"Sternopsylla distinca texana"
"FMNH","261",NA,NA,NA,NA,NA,NA,NA,"Amphipsylla marikovskii ewingi",NA,NA,NA,NA,NA,NA,NA,"Animalia","Arthropoda","Insecta","Siphonaptera","Leptopsyllidae","Amphipsylla",NA,"marikovskii","ewingi","subspecies",NA,"",NA,NA,NA,NA,NA,"Amphipsylla marikovskii ewingi"
"FMNH","262",NA,NA,NA,NA,NA,NA,NA,"Amphipsylla sibirica sibirica (Wagner, 1898)",NA,NA,NA,NA,NA,NA,NA,"Animalia","Arthropoda","Insecta","Siphonaptera","Leptopsyllidae","Amphipsylla",NA,"sibirica","sibirica","subspecies",NA,"Wagner, 1898",NA,NA,NA,NA,NA,"Amphipsylla sibirica sibirica"
"FMNH","263",NA,NA,NA,NA,NA,NA,NA,"Ctenophyllus armatus",NA,NA,NA,NA,NA,NA,NA,"Animalia","Arthropoda","Insecta","Siphonaptera","Leptopsyllidae","Ctenophyllus",NA,"armatus",NA,"species",NA,"",NA,NA,NA,NA,NA,"Ctenophyllus armatus"
"FMNH","264",NA,NA,NA,NA,NA,NA,NA,"Dolichopsyllus stylosus",NA,NA,NA,NA,NA,NA,NA,"Animalia","Arthropoda","Insecta","Siphonaptera","Leptopsyllidae","Dolichopsyllus",NA,"stylosus",NA,"species",NA,"",NA,NA,NA,NA,NA,"Dolichopsyllus stylosus"
"FMNH","266",NA,NA,NA,NA,NA,NA,NA,"Geusibia ashcrafti Augustson, 1941",NA,NA,NA,NA,NA,NA,NA,"Animalia","Arthropoda","Insecta","Siphonaptera","Leptopsyllidae","Geusibia",NA,"ashcrafti",NA,"species",NA,"Augustson, 1941",NA,NA,NA,NA,NA,"Geusibia ashcrafti"
"FMNH","267",NA,NA,NA,NA,NA,NA,NA,"Leptopsylla segnis",NA,NA,NA,NA,NA,NA,NA,"Animalia","Arthropoda","Insecta","Siphonaptera","Leptopsyllidae","Leptopsylla",NA,"segnis",NA,"species",NA,"",NA,NA,NA,NA,NA,"Leptopsylla segnis"
"FMNH","268",NA,NA,NA,NA,NA,NA,NA,"Odontopsyllus dentatus",NA,NA,NA,NA,NA,NA,NA,"Animalia","Arthropoda","Insecta","Siphonaptera","Leptopsyllidae","Odontopsyllus",NA,"dentatus",NA,"species",NA,"",NA,NA,NA,NA,NA,"Odontopsyllus dentatus"
"FMNH","269",NA,NA,NA,NA,NA,NA,NA,"Odontopsyllus multispinosus",NA,NA,NA,NA,NA,NA,NA,"Animalia","Arthropoda","Insecta","Siphonaptera","Leptopsyllidae","Odontopsyllus",NA,"multispinosus",NA,"species",NA,"",NA,NA,NA,NA,NA,"Odontopsyllus multispinosus"
"FMNH","271",NA,NA,NA,NA,NA,NA,NA,"Peromyscopsylla catatina (Jordan, 1928)",NA,NA,NA,NA,NA,NA,NA,"Animalia","Arthropoda","Insecta","Siphonaptera","Leptopsyllidae","Peromyscopsylla",NA,"catatina",NA,"species",NA,"Jordan, 1928",NA,NA,NA,NA,NA,"Peromyscopsylla catatina"
"FMNH","272",NA,NA,NA,NA,NA,NA,NA,"Peromyscopsylla draco Hopkins, 1951",NA,NA,NA,NA,NA,NA,NA,"Animalia","Arthropoda","Insecta","Siphonaptera","Leptopsyllidae","Peromyscopsylla",NA,"draco",NA,"species",NA,"Hopkins, 1951",NA,NA,NA,NA,NA,"Peromyscopsylla draco"
"FMNH","273",NA,NA,NA,NA,NA,NA,NA,"Peromyscopsylla ebrighti",NA,NA,NA,NA,NA,NA,NA,"Animalia","Arthropoda","Insecta","Siphonaptera","Leptopsyllidae","Peromyscopsylla",NA,"ebrighti",NA,"species",NA,"",NA,NA,NA,NA,NA,"Peromyscopsylla ebrighti"
"FMNH","274",NA,NA,NA,NA,NA,NA,NA,"Peromyscopsylla hamifer hamifer (Rothschild, 1906)",NA,NA,NA,NA,NA,NA,NA,"Animalia","Arthropoda","Insecta","Siphonaptera","Leptopsyllidae","Peromyscopsylla",NA,"hamifer","hamifer","subspecies",NA,"Rothschild, 1906",NA,NA,NA,NA,NA,"Peromyscopsylla hamifer hamifer"
"FMNH","275",NA,NA,NA,NA,NA,NA,NA,"Peromyscopsylla hamifer vigens (Jordan, 1937)",NA,NA,NA,NA,NA,NA,NA,"Animalia","Arthropoda","Insecta","Siphonaptera","Leptopsyllidae","Peromyscopsylla",NA,"hamifer","vigens","subspecies",NA,"Jordan, 1937",NA,NA,NA,NA,NA,"Peromyscopsylla hamifer vigens"
"FMNH","276",NA,NA,NA,NA,NA,NA,NA,"Peromyscopsylla hesperomys",NA,NA,NA,NA,NA,NA,NA,"Animalia","Arthropoda","Insecta","Siphonaptera","Leptopsyllidae","Peromyscopsylla",NA,"hesperomys",NA,"species",NA,"",NA,NA,NA,NA,NA,"Peromyscopsylla hesperomys"
"FMNH","277",NA,NA,NA,NA,NA,NA,NA,"Peromyscopsylla hesperomys adelpha (Rothschild, 1915)",NA,NA,NA,NA,NA,NA,NA,"Animalia","Arthropoda","Insecta","Siphonaptera","Leptopsyllidae","Peromyscopsylla",NA,"hesperomys","adelpha","subspecies",NA,"Rothschild, 1915",NA,NA,NA,NA,NA,"Peromyscopsylla hesperomys adelpha"
"FMNH","278",NA,NA,NA,NA,NA,NA,NA,"Peromyscopsylla hesperomys hesperomys (Baker, 1904)",NA,NA,NA,NA,NA,NA,NA,"Animalia","Arthropoda","Insecta","Siphonaptera","Leptopsyllidae","Peromyscopsylla",NA,"hesperomys","hesperomys","subspecies",NA,"Baker, 1904",NA,NA,NA,NA,NA,"Peromyscopsylla hesperomys hesperomys"
"FMNH","279",NA,NA,NA,NA,NA,NA,NA,"Peromyscopsylla hesperomys pacifica Holland, 1949",NA,NA,NA,NA,NA,NA,NA,"Animalia","Arthropoda","Insecta","Siphonaptera","Leptopsyllidae","Peromyscopsylla",NA,"hesperomys","pacifica","subspecies",NA,"Holland, 1949",NA,NA,NA,NA,NA,"Peromyscopsylla hesperomys pacifica"
"FMNH","280",NA,NA,NA,NA,NA,NA,NA,"Peromyscopsylla hesperomys ravalliensis (Dunn, 1923)",NA,NA,NA,NA,NA,NA,NA,"Animalia","Arthropoda","Insecta","Siphonaptera","Leptopsyllidae","Peromyscopsylla",NA,"hesperomys","ravalliensis","subspecies",NA,"Dunn, 1923",NA,NA,NA,NA,NA,"Peromyscopsylla hesperomys ravalliensis"
"FMNH","281",NA,NA,NA,NA,NA,NA,NA,"Peromyscopsylla ostsibirica (Scalon, 1936)",NA,NA,NA,NA,NA,NA,NA,"Animalia","Arthropoda","Insecta","Siphonaptera","Leptopsyllidae","Peromyscopsylla",NA,"ostsibirica",NA,"species",NA,"Scalon, 1936",NA,NA,NA,NA,NA,"Peromyscopsylla ostsibirica"
"FMNH","282",NA,NA,NA,NA,NA,NA,NA,"Peromyscopsylla scotti Fox, 1939",NA,NA,NA,NA,NA,NA,NA,"Animalia","Arthropoda","Insecta","Siphonaptera","Leptopsyllidae","Peromyscopsylla",NA,"scotti",NA,"species",NA,"Fox, 1939",NA,NA,NA,NA,NA,"Peromyscopsylla scotti"
"FMNH","283",NA,NA,NA,NA,NA,NA,NA,"Peromyscopsylla selenis (Rothschild, 1906)",NA,NA,NA,NA,NA,NA,NA,"Animalia","Arthropoda","Insecta","Siphonaptera","Leptopsyllidae","Peromyscopsylla",NA,"selenis",NA,"species",NA,"Rothschild, 1906",NA,NA,NA,NA,NA,"Peromyscopsylla selenis"
"FMNH","285",NA,NA,NA,NA,NA,NA,NA,"Archaeopsylla erinacei Jordan & Rothschild, 1912",NA,NA,NA,NA,NA,NA,NA,"Animalia","Arthropoda","Insecta","Siphonaptera","Pulicidae","Archaeopsylla",NA,"erinacei",NA,"species",NA,"Jordan & Rothschild, 1912",NA,NA,NA,NA,NA,"Archaeopsylla erinacei"
"FMNH","286",NA,NA,NA,NA,NA,NA,NA,"Cediopsylla inaequalis",NA,NA,NA,NA,NA,NA,NA,"Animalia","Arthropoda","Insecta","Siphonaptera","Pulicidae","Cediopsylla",NA,"inaequalis",NA,"species",NA,"",NA,NA,NA,NA,NA,"Cediopsylla inaequalis"
"FMNH","287",NA,NA,NA,NA,NA,NA,NA,"Cediopsylla inaequalis inaequalis (Baker, 1895)",NA,NA,NA,NA,NA,NA,NA,"Animalia","Arthropoda","Insecta","Siphonaptera","Pulicidae","Cediopsylla",NA,"inaequalis","inaequalis","subspecies",NA,"Baker, 1895",NA,NA,NA,NA,NA,"Cediopsylla inaequalis inaequalis"
"FMNH","288",NA,NA,NA,NA,NA,NA,NA,"Cediopsylla inaequalis interrupta Jordan, 1925",NA,NA,NA,NA,NA,NA,NA,"Animalia","Arthropoda","Insecta","Siphonaptera","Pulicidae","Cediopsylla",NA,"inaequalis","interrupta","subspecies",NA,"Jordan, 1925",NA,NA,NA,NA,NA,"Cediopsylla inaequalis interrupta"
"FMNH","289",NA,NA,NA,NA,NA,NA,NA,"Cediopsylla simplex",NA,NA,NA,NA,NA,NA,NA,"Animalia","Arthropoda","Insecta","Siphonaptera","Pulicidae","Cediopsylla",NA,"simplex",NA,"species",NA,"",NA,NA,NA,NA,NA,"Cediopsylla simplex"
"FMNH","290",NA,NA,NA,NA,NA,NA,NA,"Ctenocephalides canis",NA,NA,NA,NA,NA,NA,NA,"Animalia","Arthropoda","Insecta","Siphonaptera","Pulicidae","Ctenocephalides",NA,"canis",NA,"species",NA,"",NA,NA,NA,NA,NA,"Ctenocephalides canis"
"FMNH","291",NA,NA,NA,NA,NA,NA,NA,"Ctenocephalides felis Bouche",NA,NA,NA,NA,NA,NA,NA,"Animalia","Arthropoda","Insecta","Siphonaptera","Pulicidae","Ctenocephalides",NA,"felis",NA,"species",NA,"Bouche",NA,NA,NA,NA,NA,"Ctenocephalides felis"
"FMNH","292",NA,NA,NA,NA,NA,NA,NA,"Ctenocephalides felis felis (Bouche, 1835)",NA,NA,NA,NA,NA,NA,NA,"Animalia","Arthropoda","Insecta","Siphonaptera","Pulicidae","Ctenocephalides",NA,"felis","felis","subspecies",NA,"Bouche, 1835",NA,NA,NA,NA,NA,"Ctenocephalides felis felis"
"FMNH","294",NA,NA,NA,NA,NA,NA,NA,"Echidnophaga gallinacea",NA,NA,NA,NA,NA,NA,NA,"Animalia","Arthropoda","Insecta","Siphonaptera","Pulicidae","Echidnophaga",NA,"gallinacea",NA,"species",NA,"",NA,NA,NA,NA,NA,"Echidnophaga gallinacea"
"FMNH","295",NA,NA,NA,NA,NA,NA,NA,"Euhoplopsyllus glacialis",NA,NA,NA,NA,NA,NA,NA,"Animalia","Arthropoda","Insecta","Siphonaptera","Pulicidae","Euhoplopsyllus",NA,"glacialis",NA,"species",NA,"",NA,NA,NA,NA,NA,"Euhoplopsyllus glacialis"
"FMNH","296",NA,NA,NA,NA,NA,NA,NA,"Euhoplopsyllus glacialis affinis (Baker, 1904)",NA,NA,NA,NA,NA,NA,NA,"Animalia","Arthropoda","Insecta","Siphonaptera","Pulicidae","Euhoplopsyllus",NA,"glacialis","affinis","subspecies",NA,"Baker, 1904",NA,NA,NA,NA,NA,"Euhoplopsyllus glacialis affinis"
"FMNH","297",NA,NA,NA,NA,NA,NA,NA,"Euhoplopsyllus glacialis foxi (Ewing, 1924)",NA,NA,NA,NA,NA,NA,NA,"Animalia","Arthropoda","Insecta","Siphonaptera","Pulicidae","Euhoplopsyllus",NA,"glacialis","foxi","subspecies",NA,"Ewing, 1924",NA,NA,NA,NA,NA,"Euhoplopsyllus glacialis foxi"
"FMNH","298",NA,NA,NA,NA,NA,NA,NA,"Euhoplopsyllus glacialis glacialis (Taschenberg, 1880)",NA,NA,NA,NA,NA,NA,NA,"Animalia","Arthropoda","Insecta","Siphonaptera","Pulicidae","Euhoplopsyllus",NA,"glacialis","glacialis","subspecies",NA,"Taschenberg, 1880",NA,NA,NA,NA,NA,"Euhoplopsyllus glacialis glacialis"
"FMNH","299",NA,NA,NA,NA,NA,NA,NA,"Euhoplopsyllus glacialis lynx (Baker, 1904)",NA,NA,NA,NA,NA,NA,NA,"Animalia","Arthropoda","Insecta","Siphonaptera","Pulicidae","Euhoplopsyllus",NA,"glacialis","lynx","subspecies",NA,"Baker, 1904",NA,NA,NA,NA,NA,"Euhoplopsyllus glacialis lynx"
"FMNH","301",NA,NA,NA,NA,NA,NA,NA,"Hectopsylla psittaci",NA,NA,NA,NA,NA,NA,NA,"Animalia","Arthropoda","Insecta","Siphonaptera","Pulicidae","Hectopsylla",NA,"psittaci",NA,"species",NA,"",NA,NA,NA,NA,NA,"Hectopsylla psittaci"
"FMNH","302",NA,NA,NA,NA,NA,NA,NA,"Hectopsylla suarezi Fox, 1929",NA,NA,NA,NA,NA,NA,NA,"Animalia","Arthropoda","Insecta","Siphonaptera","Pulicidae","Hectopsylla",NA,"suarezi",NA,"species",NA,"Fox, 1929",NA,NA,NA,NA,NA,"Hectopsylla suarezi"
"FMNH","303",NA,NA,NA,NA,NA,NA,NA,"Hoplopsyllus anomalus (Baker, 1904)",NA,NA,NA,NA,NA,NA,NA,"Animalia","Arthropoda","Insecta","Siphonaptera","Pulicidae","Hoplopsyllus",NA,"anomalus",NA,"species",NA,"Baker, 1904",NA,NA,NA,NA,NA,"Hoplopsyllus anomalus"
"FMNH","305",NA,NA,NA,NA,NA,NA,NA,"Pulex (Juxtapulex) porcinus Jordan & Rothschild, 1923",NA,NA,NA,NA,NA,NA,NA,"Animalia","Arthropoda","Insecta","Siphonaptera","Pulicidae","Pulex","Juxtapulex","porcinus",NA,"species",NA,"Jordan & Rothschild, 1923",NA,NA,NA,NA,NA,"Pulex porcinus"
"FMNH","306",NA,NA,NA,NA,NA,NA,NA,"Pulex (Pulex) simulans Baker, 1895",NA,NA,NA,NA,NA,NA,NA,"Animalia","Arthropoda","Insecta","Siphonaptera","Pulicidae","Pulex","Pulex","simulans",NA,"species",NA,"Baker, 1895",NA,NA,NA,NA,NA,"Pulex simulans"
"FMNH","308",NA,NA,NA,NA,NA,NA,NA,"Pulex irritans",NA,NA,NA,NA,NA,NA,NA,"Animalia","Arthropoda","Insecta","Siphonaptera","Pulicidae","Pulex",NA,"irritans",NA,"species",NA,"",NA,NA,NA,NA,NA,"Pulex irritans"
"FMNH","309",NA,NA,NA,NA,NA,NA,NA,"Xenopsylla cheopis (Rothschild, 1903)",NA,NA,NA,NA,NA,NA,NA,"Animalia","Arthropoda","Insecta","Siphonaptera","Pulicidae","Xenopsylla",NA,"cheopis",NA,"species",NA,"Rothschild, 1903",NA,NA,NA,NA,NA,"Xenopsylla cheopis"
"FMNH","310",NA,NA,NA,NA,NA,NA,NA,"Xenopsylla cheopis cheopis (Rothschild, 1903)",NA,NA,NA,NA,NA,NA,NA,"Animalia","Arthropoda","Insecta","Siphonaptera","Pulicidae","Xenopsylla",NA,"cheopis","cheopis","subspecies",NA,"Rothschild, 1903",NA,NA,NA,NA,NA,"Xenopsylla cheopis cheopis"
"FMNH","311",NA,NA,NA,NA,NA,NA,NA,"Xenopsylla vexabilis Jordan, 1925",NA,NA,NA,NA,NA,NA,NA,"Animalia","Arthropoda","Insecta","Siphonaptera","Pulicidae","Xenopsylla",NA,"vexabilis",NA,"species",NA,"Jordan, 1925",NA,NA,NA,NA,NA,"Xenopsylla vexabilis"
"FMNH","312",NA,NA,NA,NA,NA,NA,NA,"Polygenis (Polygenis) gwyni (Fox, 1914)",NA,NA,NA,NA,NA,NA,NA,"Animalia","Arthropoda","Insecta","Siphonaptera","Rhopalopsyllidae","Polygenis","Polygenis","gwyni",NA,"species",NA,"Fox, 1914",NA,NA,NA,NA,NA,"Polygenis gwyni"
"FMNH","313",NA,NA,NA,NA,NA,NA,NA,"Polygenis (Polygenis) martinezbaezi Vargas, 1951",NA,NA,NA,NA,NA,NA,NA,"Animalia","Arthropoda","Insecta","Siphonaptera","Rhopalopsyllidae","Polygenis","Polygenis","martinezbaezi",NA,"species",NA,"Vargas, 1951",NA,NA,NA,NA,NA,"Polygenis martinezbaezi"
"FMNH","315",NA,NA,NA,NA,NA,NA,NA,"Polygenis floridanus Johnson & Layne, 1961",NA,NA,NA,NA,NA,NA,NA,"Animalia","Arthropoda","Insecta","Siphonaptera","Rhopalopsyllidae","Polygenis",NA,"floridanus",NA,"species",NA,"Johnson & Layne, 1961",NA,NA,NA,NA,NA,"Polygenis floridanus"
"FMNH","316",NA,NA,NA,NA,NA,NA,NA,"Rhopalopsyllus saevus Jordan & Rothschild, 1923",NA,NA,NA,NA,NA,NA,NA,"Animalia","Arthropoda","Insecta","Siphonaptera","Rhopalopsyllidae","Rhopalopsyllus",NA,"saevus",NA,"species",NA,"Jordan & Rothschild, 1923",NA,NA,NA,NA,NA,"Rhopalopsyllus saevus"
"FMNH","317",NA,NA,NA,NA,NA,NA,NA,"Rhopalopsyllus sigmodoni Stewart",NA,NA,NA,NA,NA,NA,NA,"Animalia","Arthropoda","Insecta","Siphonaptera","Rhopalopsyllidae","Rhopalopsyllus",NA,"sigmodoni",NA,"species",NA,"Stewart",NA,NA,NA,NA,NA,"Rhopalopsyllus sigmodoni"
"FMNH","319",NA,NA,NA,NA,NA,NA,NA,"Rhynchopsyllus pulex Haller, 1880",NA,NA,NA,NA,NA,NA,NA,"Animalia","Arthropoda","Insecta","Siphonaptera","Tungidae","Rhynchopsyllus",NA,"pulex",NA,"species",NA,"Haller, 1880",NA,NA,NA,NA,NA,"Rhynchopsyllus pulex"
"FMNH","320",NA,NA,NA,NA,NA,NA,NA,"Tunga (Tunga) penetrans Linnaeus, 1758",NA,NA,NA,NA,NA,NA,NA,"Animalia","Arthropoda","Insecta","Siphonaptera","Tungidae","Tunga","Tunga","penetrans",NA,"species",NA,"Linnaeus, 1758",NA,NA,NA,NA,NA,"Tunga penetrans"
"FMNH","321",NA,NA,NA,NA,NA,NA,NA,"Chaetopsylla (Chaetopsylla) lotoris (Stewart, 1926)",NA,NA,NA,NA,NA,NA,NA,"Animalia","Arthropoda","Insecta","Siphonaptera","Vermipsyllidae","Chaetopsylla","Chaetopsylla","lotoris",NA,"species",NA,"Stewart, 1926",NA,NA,NA,NA,NA,"Chaetopsylla lotoris"
"FMNH","322",NA,NA,NA,NA,NA,NA,NA,"Chaetopsylla (Chaetopsylla) setosa Rothschild, 1906",NA,NA,NA,NA,NA,NA,NA,"Animalia","Arthropoda","Insecta","Siphonaptera","Vermipsyllidae","Chaetopsylla","Chaetopsylla","setosa",NA,"species",NA,"Rothschild, 1906",NA,NA,NA,NA,NA,"Chaetopsylla setosa"
"FMNH","323",NA,NA,NA,NA,NA,NA,NA,"Chaetopsylla floridensis",NA,NA,NA,NA,NA,NA,NA,"Animalia","Arthropoda","Insecta","Siphonaptera","Vermipsyllidae","Chaetopsylla",NA,"floridensis",NA,"species",NA,"",NA,NA,NA,NA,NA,"Chaetopsylla floridensis"
