"","taxonID","datasetID","parentNameUsageID","acceptedNameUsageID","originalNameUsageID","scientificName","scientificNameAuthorship","canonicalName","genericName","specificEpithet","infraspecificEpithet","taxonRank","nameAccordingTo","namePublishedIn","taxonomicStatus","nomenclaturalStatus","taxonRemarks","kingdom","phylum","class","order","family","genus"
"1",7236600,"7ddf754f-d193-4cc9-b351-99906754a03b",5329,NA,NA,"Acanthopsylla Nordberg, 1935","Nordberg, 1935","Acanthopsylla","Acanthopsylla",NA,NA,"genus",NA,"Memor. Soc. Fn. Fenn., 10","accepted",NA,NA,"Animalia","Arthropoda","Insecta","Siphonaptera","Pygiopsyllidae","Acanthopsylla"
"2",1417895,"0938172b-2086-439c-a1dd-c21cb0109ed5",5329,NA,NA,"Acanthopsylla Jordan & Rothschild, 1922","Jordan & Rothschild, 1922","Acanthopsylla","Acanthopsylla",NA,NA,"genus",NA,"Ectoparasites, 1","doubtful",NA,NA,"Animalia","Arthropoda","Insecta","Siphonaptera","Pygiopsyllidae","Acanthopsylla"
"3",9770335,"7ddf754f-d193-4cc9-b351-99906754a03b",1416905,NA,8056315,"Amalaraeus penicilliger (Grube, 1851)","(Grube, 1851)","Amalaraeus penicilliger","Amalaraeus","penicilliger",NA,"species",NA,NA,"accepted",NA,NA,"Animalia","Arthropoda","Insecta","Siphonaptera","Ceratophyllidae","Amalaraeus"
"4",1416906,"7ddf754f-d193-4cc9-b351-99906754a03b",1416905,9770335,NA,"Amalaraeus penicilliger (Kolenati, 1863)","(Kolenati, 1863)","Amalaraeus penicilliger","Amalaraeus","penicilliger",NA,"species",NA,NA,"synonym",NA,NA,"Animalia","Arthropoda","Insecta","Siphonaptera","Ceratophyllidae","Amalaraeus"
"5",7970508,"0e61f8fe-7d25-4f81-ada7-d970bbb2c6d6",1417115,1417188,NA,"Ceratophyllus borealis Peus, 1966","Peus, 1966","Ceratophyllus borealis","Ceratophyllus","borealis",NA,"species",NA,NA,"heterotypic synonym",NA,NA,"Animalia","Arthropoda","Insecta","Siphonaptera","Ceratophyllidae","Ceratophyllus"
"6",1417188,"7ddf754f-d193-4cc9-b351-99906754a03b",1417115,NA,NA,"Ceratophyllus borealis Rothschild, 1907","Rothschild, 1907","Ceratophyllus borealis","Ceratophyllus","borealis",NA,"species",NA,NA,"accepted",NA,NA,"Animalia","Arthropoda","Insecta","Siphonaptera","Ceratophyllidae","Ceratophyllus"
"7",8292912,"0e61f8fe-7d25-4f81-ada7-d970bbb2c6d6",1417115,1417193,NA,"Ceratophyllus glaphyrus Dampf, 1908","Dampf, 1908","Ceratophyllus glaphyrus","Ceratophyllus","glaphyrus",NA,"species",NA,NA,"heterotypic synonym",NA,NA,"Animalia","Arthropoda","Insecta","Siphonaptera","Ceratophyllidae","Ceratophyllus"
"8",4480853,"0e61f8fe-7d25-4f81-ada7-d970bbb2c6d6",1417115,1417210,NA,"Ceratophyllus glaphyrus Peus, 1967","Peus, 1967","Ceratophyllus glaphyrus","Ceratophyllus","glaphyrus",NA,"species",NA,NA,"heterotypic synonym",NA,NA,"Animalia","Arthropoda","Insecta","Siphonaptera","Ceratophyllidae","Ceratophyllus"
"9",10634272,"de8934f4-a136-481c-a87a-b0b202b80a31",1416905,9770335,NA,"Ceratophyllus mustelae J.N.Wagner, 1898","J.N.Wagner, 1898","Ceratophyllus mustelae","Ceratophyllus","mustelae",NA,"species",NA,NA,"synonym",NA,"Originally found in sources as synonym of Megabothris turbidus (Rothschild, 1909)","Animalia","Arthropoda","Insecta","Siphonaptera","Ceratophyllidae","Amalaraeus"
"10",4480838,"0e61f8fe-7d25-4f81-ada7-d970bbb2c6d6",9770335,6194295,NA,"Ceratophyllus mustelae Dale, 1878","Dale, 1878","Ceratophyllus mustelae","Ceratophyllus","mustelae",NA,"species",NA,NA,"homotypic synonym",NA,"Originally found in sources as heterotypic synonym of Megabothris turbidus (Rothschild, 1909)","Animalia","Arthropoda","Insecta","Siphonaptera","Ceratophyllidae","Amalaraeus"
"11",1417125,"7ddf754f-d193-4cc9-b351-99906754a03b",1417115,1417193,NA,"Ceratopsyllus monedulae Dale, 1878","Dale, 1878","Ceratopsyllus monedulae","Ceratopsyllus","monedulae",NA,"species",NA,NA,"synonym",NA,NA,"Animalia","Arthropoda","Insecta","Siphonaptera","Ceratophyllidae","Ceratophyllus"
"12",8242589,"7ddf754f-d193-4cc9-b351-99906754a03b",1417115,1417119,NA,"Ceratopsyllus monedulae Wahlgren, 1907","Wahlgren, 1907","Ceratopsyllus monedulae","Ceratopsyllus","monedulae",NA,"species",NA,NA,"synonym",NA,NA,"Animalia","Arthropoda","Insecta","Siphonaptera","Ceratophyllidae","Ceratophyllus"
"13",10641065,"7ddf754f-d193-4cc9-b351-99906754a03b",1419466,1419468,NA,"Ctenocephalus canis (Duges, 1832)","(Duges, 1832)","Ctenocephalus canis","Ctenocephalus","canis",NA,"species",NA,NA,"synonym",NA,NA,"Animalia","Arthropoda","Insecta","Siphonaptera","Pulicidae","Ctenocephalides"
"14",5051129,"7ddf754f-d193-4cc9-b351-99906754a03b",1419466,1419468,NA,"Ctenocephalus canis (Bouche, 1835)","(Bouche, 1835)","Ctenocephalus canis","Ctenocephalus","canis",NA,"species",NA,NA,"synonym",NA,NA,"Animalia","Arthropoda","Insecta","Siphonaptera","Pulicidae","Ctenocephalides"
"15",5050739,"7ddf754f-d193-4cc9-b351-99906754a03b",1418195,NA,NA,"Ctenophthalmus cryptotis Traub & Barrera, 1966","Traub & Barrera, 1966","Ctenophthalmus cryptotis","Ctenophthalmus","cryptotis",NA,"species",NA,NA,"accepted",NA,NA,"Animalia","Arthropoda","Insecta","Siphonaptera","Hystrichopsyllidae","Ctenophthalmus"
"16",7470817,"eeb7bd4b-37ed-4366-8557-4661cf7f47b0",1418195,NA,NA,"Ctenophthalmus cryptotis Acosta & Morrone, 2005","Acosta & Morrone, 2005","Ctenophthalmus cryptotis","Ctenophthalmus","cryptotis",NA,"species",NA,NA,"doubtful",NA,"Possible variant of Ctenophthalmus cryptotis Traub & Barrera, 1966","Animalia","Arthropoda","Insecta","Siphonaptera","Hystrichopsyllidae","Ctenophthalmus"
"17",3255795,"7ddf754f-d193-4cc9-b351-99906754a03b",9010,NA,NA,"Eopsylla Vishniakova, 1976","Vishniakova, 1976","Eopsylla","Eopsylla",NA,NA,"genus",NA,"Paleont. Zh. 1976 (2)","accepted",NA,NA,"Animalia","Arthropoda","Insecta","Siphonaptera","Hystrichopsyllidae","Eopsylla"
"18",1419038,"0938172b-2086-439c-a1dd-c21cb0109ed5",9010,NA,NA,"Eopsylla Ioff, 1946","Ioff, 1946","Eopsylla","Eopsylla",NA,NA,"genus",NA,"Med. Parasitol., Moscow, 15 (4)","doubtful",NA,NA,"Animalia","Arthropoda","Insecta","Siphonaptera","Hystrichopsyllidae","Eopsylla"
"19",9040837,"7ddf754f-d193-4cc9-b351-99906754a03b",1417787,6193953,NA,"Frontopsylla frontalis baibacina Dzie, 1956","Dzie, 1956","Frontopsylla frontalis baibacina","Frontopsylla","frontalis","baibacina","subspecies",NA,NA,"synonym",NA,NA,"Animalia","Arthropoda","Insecta","Siphonaptera","Leptopsyllidae","Frontopsylla"
"20",6193953,"7ddf754f-d193-4cc9-b351-99906754a03b",1417787,NA,NA,"Frontopsylla frontalis baibacina Ji Shuli, 1979","Ji Shuli, 1979","Frontopsylla frontalis baibacina","Frontopsylla","frontalis","baibacina","subspecies",NA,NA,"accepted",NA,NA,"Animalia","Arthropoda","Insecta","Siphonaptera","Leptopsyllidae","Frontopsylla"
"21",7514998,"eeb7bd4b-37ed-4366-8557-4661cf7f47b0",1419147,NA,NA,"Hystrichopsylla cryptotis Traub & Barrera, 1966","Traub & Barrera, 1966","Hystrichopsylla cryptotis","Hystrichopsylla","cryptotis",NA,"species",NA,NA,"accepted",NA,NA,"Animalia","Arthropoda","Insecta","Siphonaptera","Hystrichopsyllidae","Hystrichopsylla"
"22",8421563,"08d3e209-861c-4a7a-ad64-307baaf6da0b",1419147,NA,NA,"Hystrichopsylla cryptotis Acosta & Morrone, 2005","Acosta & Morrone, 2005","Hystrichopsylla cryptotis","Hystrichopsylla","cryptotis",NA,"species",NA,NA,"doubtful",NA,"Possible variant of Hystrichopsylla cryptotis Traub & Barrera, 1966","Animalia","Arthropoda","Insecta","Siphonaptera","Hystrichopsyllidae","Hystrichopsylla"
"23",9018443,"6cfd67d6-4f9b-400b-8549-1933ac27936f",8791008,NA,NA,"Jellisonia breviloba barrerai Hastriter, 2005","Hastriter, 2005","Jellisonia breviloba barrerai","Jellisonia","breviloba","barrerai","subspecies",NA,NA,"accepted",NA,"Possible variant of Jellisonia breviloba subsp. barrerai ND","Animalia","Arthropoda","Insecta","Siphonaptera","Ceratophyllidae","Jellisonia"
"24",8773975,"6cfd67d6-4f9b-400b-8549-1933ac27936f",8791008,NA,NA,"Jellisonia breviloba barrerai ND","ND","Jellisonia breviloba barrerai","Jellisonia","breviloba","barrerai","subspecies",NA,NA,"doubtful",NA,NA,"Animalia","Arthropoda","Insecta","Siphonaptera","Ceratophyllidae","Jellisonia"
"25",1418987,"7ddf754f-d193-4cc9-b351-99906754a03b",1418978,NA,NA,"Meringis dipodomys Kohs, 1938","Kohs, 1938","Meringis dipodomys","Meringis","dipodomys",NA,"species",NA,NA,"accepted",NA,NA,"Animalia","Arthropoda","Insecta","Siphonaptera","Hystrichopsyllidae","Meringis"
"26",9196176,"6cfd67d6-4f9b-400b-8549-1933ac27936f",1418978,NA,NA,"Meringis dipodomys Kohls","Kohls","Meringis dipodomys","Meringis","dipodomys",NA,"species",NA,NA,"doubtful",NA,"Possible variant of Meringis dipodomys Kohs, 1938","Animalia","Arthropoda","Insecta","Siphonaptera","Hystrichopsyllidae","Meringis"
"27",1417319,"7ddf754f-d193-4cc9-b351-99906754a03b",1417236,NA,NA,"Nosopsyllus medus Jordan, 1938","Jordan, 1938","Nosopsyllus medus","Nosopsyllus","medus",NA,"species",NA,NA,"accepted",NA,NA,"Animalia","Arthropoda","Insecta","Siphonaptera","Ceratophyllidae","Nosopsyllus"
"28",9764459,"070850ee-3501-4232-88c6-c5bed10a65eb",1417236,NA,NA,"Nosopsyllus medus Lewis & Lewis, 1990","Lewis & Lewis, 1990","Nosopsyllus medus","Nosopsyllus","medus",NA,"species",NA,NA,"doubtful",NA,"Possible variant of Nosopsyllus medus Jordan, 1938","Animalia","Arthropoda","Insecta","Siphonaptera","Ceratophyllidae","Nosopsyllus"
"29",6194140,"7ddf754f-d193-4cc9-b351-99906754a03b",1417042,6194139,NA,"Paraceras melis sinensis (Sakaguti, 1962)","(Sakaguti, 1962)","Paraceras melis sinensis","Paraceras","melis","sinensis","subspecies",NA,NA,"synonym",NA,NA,"Animalia","Arthropoda","Insecta","Siphonaptera","Ceratophyllidae","Paraceras"
"30",10448907,"7ddf754f-d193-4cc9-b351-99906754a03b",1417042,6194139,6194137,"Paraceras melis sinensis (Liu, 1935)","(Liu, 1935)","Paraceras melis sinensis","Paraceras","melis","sinensis","subspecies",NA,NA,"synonym",NA,NA,"Animalia","Arthropoda","Insecta","Siphonaptera","Ceratophyllidae","Paraceras"
"31",9064488,"6cfd67d6-4f9b-400b-8549-1933ac27936f",1417927,NA,NA,"Peromyscopsylla scotti Fox","Fox","Peromyscopsylla scotti","Peromyscopsylla","scotti",NA,"species",NA,NA,"doubtful",NA,"Possible variant of Peromyscopsylla scotti I.Fox, 1939","Animalia","Arthropoda","Insecta","Siphonaptera","Leptopsyllidae","Peromyscopsylla"
"32",1417954,"7ddf754f-d193-4cc9-b351-99906754a03b",1417927,NA,NA,"Peromyscopsylla scotti I.Fox, 1939","I.Fox, 1939","Peromyscopsylla scotti","Peromyscopsylla","scotti",NA,"species",NA,NA,"accepted",NA,NA,"Animalia","Arthropoda","Insecta","Siphonaptera","Leptopsyllidae","Peromyscopsylla"
"33",9100504,"90d9e8a6-0ce1-472d-b682-3451095dbc5a",1418775,1418803,NA,"Rhadinopsylla bureschi Argyropulo, 1941","Argyropulo, 1941","Rhadinopsylla bureschi","Rhadinopsylla","bureschi",NA,"species",NA,NA,"heterotypic synonym",NA,NA,"Animalia","Arthropoda","Insecta","Siphonaptera","Hystrichopsyllidae","Rhadinopsylla"
"34",1418803,"7ddf754f-d193-4cc9-b351-99906754a03b",1418775,NA,NA,"Rhadinopsylla bureschi Jordan, 1929","Jordan, 1929","Rhadinopsylla bureschi","Rhadinopsylla","bureschi",NA,"species",NA,NA,"accepted",NA,NA,"Animalia","Arthropoda","Insecta","Siphonaptera","Hystrichopsyllidae","Rhadinopsylla"
"35",1418787,"7ddf754f-d193-4cc9-b351-99906754a03b",1418775,NA,NA,"Rhadinopsylla pitymydis Zavattari, 1914","Zavattari, 1914","Rhadinopsylla pitymydis","Rhadinopsylla","pitymydis",NA,"species",NA,NA,"accepted",NA,NA,"Animalia","Arthropoda","Insecta","Siphonaptera","Hystrichopsyllidae","Rhadinopsylla"
"36",7963706,"0e61f8fe-7d25-4f81-ada7-d970bbb2c6d6",1418775,1418790,NA,"Rhadinopsylla pitymydis Launay & Beaucournu, 1983","Launay & Beaucournu, 1983","Rhadinopsylla pitymydis","Rhadinopsylla","pitymydis",NA,"species",NA,NA,"heterotypic synonym",NA,NA,"Animalia","Arthropoda","Insecta","Siphonaptera","Hystrichopsyllidae","Rhadinopsylla"
"37",10489172,"4cec8fef-f129-4966-89b7-4f8439aba058",1419562,NA,NA,"BOLD:ACD7675",NA,NA,NA,NA,NA,"unranked",NA,NA,"accepted",NA,NA,"Animalia","Arthropoda","Insecta","Siphonaptera","Pulicidae","Spilopsyllus"
"38",9828177,"4cec8fef-f129-4966-89b7-4f8439aba058",5051157,NA,NA,"BOLD:ACD5345",NA,NA,NA,NA,NA,"unranked",NA,NA,"accepted",NA,NA,"Animalia","Arthropoda","Insecta","Siphonaptera","Pygiopsyllidae","Acanthopsylla"
"39",10065688,"4cec8fef-f129-4966-89b7-4f8439aba058",1418576,NA,NA,"BOLD:AAC3901",NA,NA,NA,NA,NA,"unranked",NA,NA,"accepted",NA,NA,"Animalia","Arthropoda","Insecta","Siphonaptera","Hystrichopsyllidae","Corrodopsylla"
"40",10014003,"4cec8fef-f129-4966-89b7-4f8439aba058",1417014,6194307,NA,"BOLD:AAF9681",NA,NA,NA,NA,NA,"unranked",NA,NA,"synonym",NA,NA,"Animalia","Arthropoda","Insecta","Siphonaptera","Ceratophyllidae","Orchopeas"
"41",10612830,"4cec8fef-f129-4966-89b7-4f8439aba058",1416327,NA,NA,"BOLD:ACD7479",NA,NA,NA,NA,NA,"unranked",NA,NA,"accepted",NA,NA,"Animalia","Arthropoda","Insecta","Siphonaptera","Stephanocircidae","Stephanocircus"
"42",10257946,"4cec8fef-f129-4966-89b7-4f8439aba058",1416921,NA,NA,"BOLD:AAJ2058",NA,NA,NA,NA,NA,"unranked",NA,NA,"accepted",NA,NA,"Animalia","Arthropoda","Insecta","Siphonaptera","Ceratophyllidae","Amalaraeus"
"43",10093357,"4cec8fef-f129-4966-89b7-4f8439aba058",1419499,NA,NA,"BOLD:AAF9686",NA,NA,NA,NA,NA,"unranked",NA,NA,"accepted",NA,NA,"Animalia","Arthropoda","Insecta","Siphonaptera","Pulicidae","Cediopsylla"
"44",9950728,"4cec8fef-f129-4966-89b7-4f8439aba058",1419485,NA,NA,"BOLD:AAF9688",NA,NA,NA,NA,NA,"unranked",NA,NA,"accepted",NA,NA,"Animalia","Arthropoda","Insecta","Siphonaptera","Pulicidae","Ctenocephalides"
"45",10043724,"4cec8fef-f129-4966-89b7-4f8439aba058",1419317,NA,NA,"BOLD:ADK7046",NA,NA,NA,NA,NA,"unranked",NA,NA,"accepted",NA,NA,"Animalia","Arthropoda","Insecta","Siphonaptera","Pulicidae","Echidnophaga"
"46",10123163,"4cec8fef-f129-4966-89b7-4f8439aba058",1416652,NA,NA,"BOLD:AAF9683",NA,NA,NA,NA,NA,"unranked",NA,NA,"accepted",NA,NA,"Animalia","Arthropoda","Insecta","Siphonaptera","Ceratophyllidae","Foxella"
"47",10467160,"4cec8fef-f129-4966-89b7-4f8439aba058",1419666,NA,NA,"BOLD:ACD4300",NA,NA,NA,NA,NA,"unranked",NA,NA,"accepted",NA,NA,"Animalia","Arthropoda","Insecta","Siphonaptera","Pygiopsyllidae","Pygiopsylla"
"48",10425426,"4cec8fef-f129-4966-89b7-4f8439aba058",1417338,NA,NA,"BOLD:ADJ6798",NA,NA,NA,NA,NA,"unranked",NA,NA,"accepted",NA,NA,"Animalia","Arthropoda","Insecta","Siphonaptera","Ceratophyllidae","Nosopsyllus"
"49",10409152,"4cec8fef-f129-4966-89b7-4f8439aba058",8846,NA,NA,"BOLD:ACS4736",NA,NA,NA,NA,NA,"unranked",NA,NA,"accepted",NA,NA,"Animalia","Arthropoda","Insecta","Siphonaptera","Ceratophyllidae",NA
"50",10502781,"4cec8fef-f129-4966-89b7-4f8439aba058",1417115,NA,NA,"BOLD:ADH2613",NA,NA,NA,NA,NA,"unranked",NA,NA,"accepted",NA,NA,"Animalia","Arthropoda","Insecta","Siphonaptera","Ceratophyllidae","Ceratophyllus"
"51",10180733,"4cec8fef-f129-4966-89b7-4f8439aba058",1417115,NA,NA,"BOLD:ACB9159",NA,NA,NA,NA,NA,"unranked",NA,NA,"accepted",NA,NA,"Animalia","Arthropoda","Insecta","Siphonaptera","Ceratophyllidae","Ceratophyllus"
"52",9863490,"4cec8fef-f129-4966-89b7-4f8439aba058",1417115,NA,NA,"BOLD:AAF9684",NA,NA,NA,NA,NA,"unranked",NA,NA,"accepted",NA,NA,"Animalia","Arthropoda","Insecta","Siphonaptera","Ceratophyllidae","Ceratophyllus"
"53",10244295,"4cec8fef-f129-4966-89b7-4f8439aba058",1419312,NA,NA,"BOLD:ACS6404",NA,NA,NA,NA,NA,"unranked",NA,NA,"accepted",NA,NA,"Animalia","Arthropoda","Insecta","Siphonaptera","Pulicidae","Echidnophaga"
"54",9978541,"4cec8fef-f129-4966-89b7-4f8439aba058",5051116,NA,NA,"BOLD:ACQ7259",NA,NA,NA,NA,NA,"unranked",NA,NA,"accepted",NA,NA,"Animalia","Arthropoda","Insecta","Siphonaptera","Hystrichopsyllidae","Neopsylla"
"55",10576955,"4cec8fef-f129-4966-89b7-4f8439aba058",8754081,NA,NA,"BOLD:AAF9680",NA,NA,NA,NA,NA,"unranked",NA,NA,"accepted",NA,NA,"Animalia","Arthropoda","Insecta","Siphonaptera","Ceratophyllidae","Ceratophyllus"
"56",10106993,"4cec8fef-f129-4966-89b7-4f8439aba058",8754081,NA,NA,"BOLD:ADD7761",NA,NA,NA,NA,NA,"unranked",NA,NA,"accepted",NA,NA,"Animalia","Arthropoda","Insecta","Siphonaptera","Ceratophyllidae","Ceratophyllus"
"57",10222171,"4cec8fef-f129-4966-89b7-4f8439aba058",1418972,NA,NA,"BOLD:AAF9682",NA,NA,NA,NA,NA,"unranked",NA,NA,"accepted",NA,NA,"Animalia","Arthropoda","Insecta","Siphonaptera","Hystrichopsyllidae","Nearctopsylla"
"58",10030100,"4cec8fef-f129-4966-89b7-4f8439aba058",1416673,NA,NA,"BOLD:ADC7972",NA,NA,NA,NA,NA,"unranked",NA,NA,"accepted",NA,NA,"Animalia","Arthropoda","Insecta","Siphonaptera","Ceratophyllidae","Jellisonia"
"59",10554833,"4cec8fef-f129-4966-89b7-4f8439aba058",1417867,NA,NA,"BOLD:ADK6648",NA,NA,NA,NA,NA,"unranked",NA,NA,"accepted",NA,NA,"Animalia","Arthropoda","Insecta","Siphonaptera","Leptopsyllidae","Odontopsyllus"
"60",9850002,"4cec8fef-f129-4966-89b7-4f8439aba058",1419309,NA,NA,"BOLD:ACD7997",NA,NA,NA,NA,NA,"unranked",NA,NA,"accepted",NA,NA,"Animalia","Arthropoda","Insecta","Siphonaptera","Pulicidae","Echidnophaga"
"61",10439108,"4cec8fef-f129-4966-89b7-4f8439aba058",1419309,NA,NA,"BOLD:ACD7578",NA,NA,NA,NA,NA,"unranked",NA,NA,"accepted",NA,NA,"Animalia","Arthropoda","Insecta","Siphonaptera","Pulicidae","Echidnophaga"
"62",10618692,"4cec8fef-f129-4966-89b7-4f8439aba058",1419211,NA,NA,"BOLD:ACS6209",NA,NA,NA,NA,NA,"unranked",NA,NA,"accepted",NA,NA,"Animalia","Arthropoda","Insecta","Siphonaptera","Hystrichopsyllidae","Stenoponia"
"63",10216363,"4cec8fef-f129-4966-89b7-4f8439aba058",1419663,NA,NA,"BOLD:ACD4650",NA,NA,NA,NA,NA,"unranked",NA,NA,"accepted",NA,NA,"Animalia","Arthropoda","Insecta","Siphonaptera","Pygiopsyllidae","Pygiopsylla"
"64",10158739,"4cec8fef-f129-4966-89b7-4f8439aba058",1366,NA,NA,"BOLD:ACR2436",NA,NA,NA,NA,NA,"unranked",NA,NA,"accepted",NA,NA,"Animalia","Arthropoda","Insecta","Siphonaptera",NA,NA
"65",10582858,"4cec8fef-f129-4966-89b7-4f8439aba058",1366,NA,NA,"BOLD:AAY6131",NA,NA,NA,NA,NA,"unranked",NA,NA,"accepted",NA,NA,"Animalia","Arthropoda","Insecta","Siphonaptera",NA,NA
"66",10087590,"4cec8fef-f129-4966-89b7-4f8439aba058",1366,NA,NA,"BOLD:AAY6133",NA,NA,NA,NA,NA,"unranked",NA,NA,"accepted",NA,NA,"Animalia","Arthropoda","Insecta","Siphonaptera",NA,NA
"67",9857691,"4cec8fef-f129-4966-89b7-4f8439aba058",1366,NA,NA,"BOLD:AAY6129",NA,NA,NA,NA,NA,"unranked",NA,NA,"accepted",NA,NA,"Animalia","Arthropoda","Insecta","Siphonaptera",NA,NA
"68",10648602,"4cec8fef-f129-4966-89b7-4f8439aba058",1366,NA,NA,"BOLD:ACP5974",NA,NA,NA,NA,NA,"unranked",NA,NA,"accepted",NA,NA,"Animalia","Arthropoda","Insecta","Siphonaptera",NA,NA
"69",10129000,"4cec8fef-f129-4966-89b7-4f8439aba058",1366,NA,NA,"BOLD:ACR1516",NA,NA,NA,NA,NA,"unranked",NA,NA,"accepted",NA,NA,"Animalia","Arthropoda","Insecta","Siphonaptera",NA,NA
"70",10431288,"4cec8fef-f129-4966-89b7-4f8439aba058",1366,NA,NA,"BOLD:AAY6128",NA,NA,NA,NA,NA,"unranked",NA,NA,"accepted",NA,NA,"Animalia","Arthropoda","Insecta","Siphonaptera",NA,NA
"71",10101160,"4cec8fef-f129-4966-89b7-4f8439aba058",1366,NA,NA,"BOLD:AAY6130",NA,NA,NA,NA,NA,"unranked",NA,NA,"accepted",NA,NA,"Animalia","Arthropoda","Insecta","Siphonaptera",NA,NA
"72",10524941,"4cec8fef-f129-4966-89b7-4f8439aba058",1366,NA,NA,"BOLD:ACU2589",NA,NA,NA,NA,NA,"unranked",NA,NA,"accepted",NA,NA,"Animalia","Arthropoda","Insecta","Siphonaptera",NA,NA
"73",10279971,"4cec8fef-f129-4966-89b7-4f8439aba058",1366,NA,NA,"BOLD:ACD0067",NA,NA,NA,NA,NA,"unranked",NA,NA,"accepted",NA,NA,"Animalia","Arthropoda","Insecta","Siphonaptera",NA,NA
"74",10186595,"4cec8fef-f129-4966-89b7-4f8439aba058",1366,NA,NA,"BOLD:AAY6132",NA,NA,NA,NA,NA,"unranked",NA,NA,"accepted",NA,NA,"Animalia","Arthropoda","Insecta","Siphonaptera",NA,NA
"75",9956528,"4cec8fef-f129-4966-89b7-4f8439aba058",1366,NA,NA,"BOLD:AAY6333",NA,NA,NA,NA,NA,"unranked",NA,NA,"accepted",NA,NA,"Animalia","Arthropoda","Insecta","Siphonaptera",NA,NA
"76",10252099,"4cec8fef-f129-4966-89b7-4f8439aba058",1366,NA,NA,"BOLD:AAY6334",NA,NA,NA,NA,NA,"unranked",NA,NA,"accepted",NA,NA,"Animalia","Arthropoda","Insecta","Siphonaptera",NA,NA
"77",10035962,"4cec8fef-f129-4966-89b7-4f8439aba058",1366,NA,NA,"BOLD:AAY9158",NA,NA,NA,NA,NA,"unranked",NA,NA,"accepted",NA,NA,"Animalia","Arthropoda","Insecta","Siphonaptera",NA,NA
"78",10596502,"4cec8fef-f129-4966-89b7-4f8439aba058",1366,NA,NA,"BOLD:AAY6134",NA,NA,NA,NA,NA,"unranked",NA,NA,"accepted",NA,NA,"Animalia","Arthropoda","Insecta","Siphonaptera",NA,NA
"79",10496973,"4cec8fef-f129-4966-89b7-4f8439aba058",1366,NA,NA,"BOLD:AAF9689",NA,NA,NA,NA,NA,"unranked",NA,NA,"accepted",NA,NA,"Animalia","Arthropoda","Insecta","Siphonaptera",NA,NA
"80",10403285,"4cec8fef-f129-4966-89b7-4f8439aba058",1366,NA,NA,"BOLD:ACH0546",NA,NA,NA,NA,NA,"unranked",NA,NA,"accepted",NA,NA,"Animalia","Arthropoda","Insecta","Siphonaptera",NA,NA
"81",10008203,"4cec8fef-f129-4966-89b7-4f8439aba058",1366,NA,NA,"BOLD:ACQ4426",NA,NA,NA,NA,NA,"unranked",NA,NA,"accepted",NA,NA,"Animalia","Arthropoda","Insecta","Siphonaptera",NA,NA
"82",9885432,"4cec8fef-f129-4966-89b7-4f8439aba058",1366,NA,NA,"BOLD:ADS0683",NA,NA,NA,NA,NA,"unranked",NA,NA,"accepted",NA,NA,"Animalia","Arthropoda","Insecta","Siphonaptera",NA,NA
"83",10274116,"4cec8fef-f129-4966-89b7-4f8439aba058",1417011,NA,NA,"BOLD:AAF9685",NA,NA,NA,NA,NA,"unranked",NA,NA,"accepted",NA,NA,"Animalia","Arthropoda","Insecta","Siphonaptera","Ceratophyllidae","Orchopeas"
"84",10367479,"4cec8fef-f129-4966-89b7-4f8439aba058",1416967,NA,NA,"BOLD:ACY3328",NA,NA,NA,NA,NA,"unranked",NA,NA,"accepted",NA,NA,"Animalia","Arthropoda","Insecta","Siphonaptera","Ceratophyllidae","Megabothris"
"85",10560693,"4cec8fef-f129-4966-89b7-4f8439aba058",1416967,NA,NA,"BOLD:AAC8795",NA,NA,NA,NA,NA,"unranked",NA,NA,"accepted",NA,NA,"Animalia","Arthropoda","Insecta","Siphonaptera","Ceratophyllidae","Megabothris"
"86",9921011,"4cec8fef-f129-4966-89b7-4f8439aba058",1416967,NA,NA,"BOLD:ACY3177",NA,NA,NA,NA,NA,"unranked",NA,NA,"accepted",NA,NA,"Animalia","Arthropoda","Insecta","Siphonaptera","Ceratophyllidae","Megabothris"
"87",10315556,"4cec8fef-f129-4966-89b7-4f8439aba058",1416969,NA,NA,"BOLD:AAE9684",NA,NA,NA,NA,NA,"unranked",NA,NA,"accepted",NA,NA,"Animalia","Arthropoda","Insecta","Siphonaptera","Ceratophyllidae","Megabothris"
"88",10351205,"4cec8fef-f129-4966-89b7-4f8439aba058",1417042,NA,NA,"BOLD:ACS5461",NA,NA,NA,NA,NA,"unranked",NA,NA,"accepted",NA,NA,"Animalia","Arthropoda","Insecta","Siphonaptera","Ceratophyllidae","Paraceras"
"89",10345390,"4cec8fef-f129-4966-89b7-4f8439aba058",1419472,NA,NA,"BOLD:ACM4372",NA,NA,NA,NA,NA,"unranked",NA,NA,"accepted",NA,NA,"Animalia","Arthropoda","Insecta","Siphonaptera","Pulicidae","Ctenocephalides"
"90",9942907,"4cec8fef-f129-4966-89b7-4f8439aba058",1419472,NA,NA,"BOLD:ACQ4051",NA,NA,NA,NA,NA,"unranked",NA,NA,"accepted",NA,NA,"Animalia","Arthropoda","Insecta","Siphonaptera","Pulicidae","Ctenocephalides"
"91",10337583,"4cec8fef-f129-4966-89b7-4f8439aba058",1419472,NA,NA,"BOLD:AAY6332",NA,NA,NA,NA,NA,"unranked",NA,NA,"accepted",NA,NA,"Animalia","Arthropoda","Insecta","Siphonaptera","Pulicidae","Ctenocephalides"
"92",10590650,"4cec8fef-f129-4966-89b7-4f8439aba058",1419441,NA,NA,"BOLD:ACS4052",NA,NA,NA,NA,NA,"unranked",NA,NA,"accepted",NA,NA,"Animalia","Arthropoda","Insecta","Siphonaptera","Pulicidae","Xenopsylla"
"93",9915211,"4cec8fef-f129-4966-89b7-4f8439aba058",5051059,NA,NA,"BOLD:ACQ7506",NA,NA,NA,NA,NA,"unranked",NA,NA,"accepted",NA,NA,"Animalia","Arthropoda","Insecta","Siphonaptera","Hystrichopsyllidae","Neopsylla"
"94",10373324,"4cec8fef-f129-4966-89b7-4f8439aba058",5051059,NA,NA,"BOLD:ACQ7507",NA,NA,NA,NA,NA,"unranked",NA,NA,"accepted",NA,NA,"Animalia","Arthropoda","Insecta","Siphonaptera","Hystrichopsyllidae","Neopsylla"
"95",10309706,"4cec8fef-f129-4966-89b7-4f8439aba058",5051059,NA,NA,"BOLD:ACQ7258",NA,NA,NA,NA,NA,"unranked",NA,NA,"accepted",NA,NA,"Animalia","Arthropoda","Insecta","Siphonaptera","Hystrichopsyllidae","Neopsylla"
"96",9879614,"4cec8fef-f129-4966-89b7-4f8439aba058",1416601,NA,NA,"BOLD:ADB1313",NA,NA,NA,NA,NA,"unranked",NA,NA,"accepted",NA,NA,"Animalia","Arthropoda","Insecta","Siphonaptera","Ceratophyllidae","Opisodasys"
"97",10164567,"4cec8fef-f129-4966-89b7-4f8439aba058",1416601,NA,NA,"BOLD:ACK3115",NA,NA,NA,NA,NA,"unranked",NA,NA,"accepted",NA,NA,"Animalia","Arthropoda","Insecta","Siphonaptera","Ceratophyllidae","Opisodasys"
"98",10519065,"4cec8fef-f129-4966-89b7-4f8439aba058",1416601,NA,NA,"BOLD:AAO8404",NA,NA,NA,NA,NA,"unranked",NA,NA,"accepted",NA,NA,"Animalia","Arthropoda","Insecta","Siphonaptera","Ceratophyllidae","Opisodasys"
"99",10071479,"4cec8fef-f129-4966-89b7-4f8439aba058",1419582,NA,NA,"BOLD:ACQ4111",NA,NA,NA,NA,NA,"unranked",NA,NA,"accepted",NA,NA,"Animalia","Arthropoda","Insecta","Siphonaptera","Lycopsyllidae","Bradiopsylla"
"100",10194362,"4cec8fef-f129-4966-89b7-4f8439aba058",1419547,NA,NA,"BOLD:ACS4923",NA,NA,NA,NA,NA,"unranked",NA,NA,"accepted",NA,NA,"Animalia","Arthropoda","Insecta","Siphonaptera","Pulicidae","Pulex"
"101",10461290,"4cec8fef-f129-4966-89b7-4f8439aba058",1418960,NA,NA,"BOLD:AAF9687",NA,NA,NA,NA,NA,"unranked",NA,NA,"accepted",NA,NA,"Animalia","Arthropoda","Insecta","Siphonaptera","Hystrichopsyllidae","Nearctopsylla"
"102",10331748,"4cec8fef-f129-4966-89b7-4f8439aba058",1416278,NA,NA,"BOLD:ADR7376",NA,NA,NA,NA,NA,"unranked",NA,NA,"accepted",NA,NA,"Animalia","Arthropoda","Insecta","Siphonaptera","Vermipsyllidae","Dorcadia"
"103",9972745,"4cec8fef-f129-4966-89b7-4f8439aba058",1416331,NA,NA,"BOLD:ACD7478",NA,NA,NA,NA,NA,"unranked",NA,NA,"accepted",NA,NA,"Animalia","Arthropoda","Insecta","Siphonaptera","Stephanocircidae","Stephanocircus"
"104",1417895,NA,NA,NA,NA,"Acanthopsylla Jordan & Rothschild, 1922",NA,"Acanthopsylla",NA,NA,NA,NA,NA,NA,NA,NA,NA,NA,NA,NA,NA,NA,NA
"105",1417188,NA,NA,NA,NA,"Ceratophyllus borealis Rothschild, 1907",NA,"Ceratophyllus borealis",NA,NA,NA,NA,NA,NA,NA,NA,NA,NA,NA,NA,NA,NA,NA
"106",1418987,NA,NA,NA,NA,"Meringis dipodomys Kohls, 1938",NA,"Meringis dipodomys",NA,NA,NA,NA,NA,NA,NA,NA,NA,NA,NA,NA,NA,NA,NA
"107",1417319,NA,NA,NA,NA,"Nosopsyllus medus Jordan, 1938",NA,"Nosopsyllus medus",NA,NA,NA,NA,NA,NA,NA,NA,NA,NA,NA,NA,NA,NA,NA
"108",1417954,NA,NA,NA,NA,"Peromyscopsylla scotti I. Fox, 1939",NA,"Peromyscopsylla scotti",NA,NA,NA,NA,NA,NA,NA,NA,NA,NA,NA,NA,NA,NA,NA
"109",1418803,NA,NA,NA,NA,"Rhadinopsylla bureschi Jordan, 1929",NA,"Rhadinopsylla bureschi",NA,NA,NA,NA,NA,NA,NA,NA,NA,NA,NA,NA,NA,NA,NA
