"family","subgenus","genus","species","author","namePublishedInYear","synonym(s)","TPTdataset","TPTID","taxonID","scientificNameID","acceptedNameUsageID","parentNameUsageID","originalNameUsageID","nameAccordingToID","namePublishedInID","taxonConceptID","scientificName","acceptedNameUsage","parentNameUsage","originalNameUsage","nameAccordingTo","namePublishedIn","higherClassification","kingdom","phylum","class","order","specificEpithet","infraspecificEpithet","taxonRank","verbatimTaxonRank","scientificNameAuthorship","vernacularName","nomenclaturalCode","taxonomicStatus","nomenclaturalStatus","taxonRemarks","canonicalName","syn1","syn2","syn3","syn4","syn5","syn6","syn7","syn8","syn9","syn10","syn11","syn12","syn13"
"Ctenophthalmidae","Doratopsyllinae","Adoratopsylla",NA,NA,NA,"Spalacopsylla Pinto, 1930 (junior synonym)",NA,2697,NA,NA,NA,NA,NA,NA,NA,NA,"Spalacopsylla Pinto, 1930 ","Adoratopsylla (Doratopsyllinae)",NA,NA,NA,NA,NA,"Animalia","Arthropoda","Insecta","Siphonaptera",NA,NA,"genus",NA,NA,NA,NA,NA,NA,"junior synonym","Adoratopsylla","Spalacopsylla Pinto, 1930 (junior synonym)",NA,NA,NA,NA,NA,NA,NA,NA,NA,NA,NA,NA
"Vermipsyllidae",NA,"Chaetopsylla",NA,NA,NA,"Oncopsylla Wahlgren, 1903 (junior synonym)",NA,2702,NA,NA,NA,NA,NA,NA,NA,NA,"Oncopsylla Wahlgren, 1903 ","Chaetopsylla",NA,NA,NA,NA,NA,"Animalia","Arthropoda","Insecta","Siphonaptera",NA,NA,"genus",NA,NA,NA,NA,NA,NA,"junior synonym","Chaetopsylla","Oncopsylla Wahlgren, 1903 (junior synonym)",NA,NA,NA,NA,NA,NA,NA,NA,NA,NA,NA,NA
"Coptopsyllidae",NA,"Coptopsylla",NA,NA,NA,"Paracoptopsylla Argyropulo, 1938 (subgenus of Coptopsylla)",NA,2704,NA,NA,NA,NA,NA,NA,NA,NA,"Paracoptopsylla Argyropulo, 1938 ","Coptopsylla",NA,NA,NA,NA,NA,"Animalia","Arthropoda","Insecta","Siphonaptera",NA,NA,"genus",NA,NA,NA,NA,NA,NA,"subgenus of Coptopsylla","Coptopsylla","Paracoptopsylla Argyropulo, 1938 (subgenus of Coptopsylla)",NA,NA,NA,NA,NA,NA,NA,NA,NA,NA,NA,NA
"Ctenophthalmidae","Ctenophthalminae","Ctenophthalmus",NA,NA,NA,"Spalacopsylla Kolenati, 1856 (junior synonym)",NA,2707,NA,NA,NA,NA,NA,NA,NA,NA,"Spalacopsylla Kolenati, 1856 ","Ctenophthalmus (Ctenophthalminae)",NA,NA,NA,NA,NA,"Animalia","Arthropoda","Insecta","Siphonaptera",NA,NA,"genus",NA,NA,NA,NA,NA,NA,"junior synonym","Ctenophthalmus","Spalacopsylla Kolenati, 1856 (junior synonym)",NA,NA,NA,NA,NA,NA,NA,NA,NA,NA,NA,NA
"Stivaliidae",NA,"Gryphopsylla",NA,NA,NA,"Migrastivalius Traub, 1980 (subgenus)",NA,2714,NA,NA,NA,NA,NA,NA,NA,NA,"Migrastivalius Traub, 1980 ","Gryphopsylla",NA,NA,NA,NA,NA,"Animalia","Arthropoda","Insecta","Siphonaptera",NA,NA,"genus",NA,NA,NA,NA,NA,NA,"subgenus","Gryphopsylla","Migrastivalius Traub, 1980 (subgenus)",NA,NA,NA,NA,NA,NA,NA,NA,NA,NA,NA,NA
"Hystrichopsyllidae","Hystrichopsyllinae","Hystrichopsylla",NA,NA,NA,"Hystroceras Ioff & Scalon, 1950 (unrecognized subgenus)",NA,2717,NA,NA,NA,NA,NA,NA,NA,NA,"Hystroceras Ioff & Scalon, 1950 ","Hystrichopsylla (Hystrichopsyllinae)",NA,NA,NA,NA,NA,"Animalia","Arthropoda","Insecta","Siphonaptera",NA,NA,"genus",NA,NA,NA,NA,NA,NA,"unrecognized subgenus","Hystrichopsylla","Hystroceras Ioff & Scalon, 1950 (unrecognized subgenus)",NA,NA,NA,NA,NA,NA,NA,NA,NA,NA,NA,NA
"Ischnopsyllidae","Ischnopsyllinae","Ischnopsyllus",NA,NA,NA,"Hirtopsylla Argyropulo, 1948 (unrecognized subgenus); Spalacopsylla Oudemans, 1906 (junior synonym)",NA,2719,NA,NA,NA,NA,NA,NA,NA,NA,"Hirtopsylla Argyropulo, 1948 ","Ischnopsyllus (Ischnopsyllinae)",NA,NA,NA,NA,NA,"Animalia","Arthropoda","Insecta","Siphonaptera",NA,NA,"genus",NA,NA,NA,NA,NA,NA,"unrecognized subgenus","Ischnopsyllus","Hirtopsylla Argyropulo, 1948 (unrecognized subgenus)"," Spalacopsylla Oudemans, 1906 (junior synonym)",NA,NA,NA,NA,NA,NA,NA,NA,NA,NA,NA
"Ceratophyllidae","Ceratophyllinae","Jellisonia",NA,NA,NA,"Pleochaetoides Augustson, 1944 (subgenus of Jellisonia); Jellisonia Traub, 1944 (subgenus)",NA,2720,NA,NA,NA,NA,NA,NA,NA,NA,"Pleochaetoides Augustson, 1944 ","Jellisonia (Ceratophyllinae)",NA,NA,NA,NA,NA,"Animalia","Arthropoda","Insecta","Siphonaptera",NA,NA,"genus",NA,NA,NA,NA,NA,NA,"subgenus of Jellisonia","Jellisonia","Pleochaetoides Augustson, 1944 (subgenus of Jellisonia)"," Jellisonia Traub, 1944 (subgenus)",NA,NA,NA,NA,NA,NA,NA,NA,NA,NA,NA
"Ischnopsyllidae","Ischnopsyllinae","Myodopsylla",NA,NA,NA,"Myodopsylloides Augustson, 1941 (junior synonym)",NA,2726,NA,NA,NA,NA,NA,NA,NA,NA,"Myodopsylloides Augustson, 1941 ","Myodopsylla (Ischnopsyllinae)",NA,NA,NA,NA,NA,"Animalia","Arthropoda","Insecta","Siphonaptera",NA,NA,"genus",NA,NA,NA,NA,NA,NA,"junior synonym","Myodopsylla","Myodopsylloides Augustson, 1941 (junior synonym)",NA,NA,NA,NA,NA,NA,NA,NA,NA,NA,NA,NA
"Pygiopsyllidae",NA,"Notiopsylla",NA,NA,NA,"Goniopsyllus Baker, 1906 (preoccupied as genus of Crestacea, Jordan & Rothschild, 1914 proposed Notiopsylla as nomen novum for Goniopsyllus)",NA,2728,NA,NA,NA,NA,NA,NA,NA,NA,"Goniopsyllus Baker, 1906 ","Notiopsylla",NA,NA,NA,NA,NA,"Animalia","Arthropoda","Insecta","Siphonaptera",NA,NA,"genus",NA,NA,NA,NA,NA,NA,"preoccupied as genus of Crestacea, Jordan & Rothschild, 1914 proposed Notiopsylla as nomen novum for Goniopsyllus","Notiopsylla","Goniopsyllus Baker, 1906 (preoccupied as genus of Crestacea, Jordan & Rothschild, 1914 proposed Notiopsylla as nomen novum for Goniopsyllus)",NA,NA,NA,NA,NA,NA,NA,NA,NA,NA,NA,NA
"Ischnopsyllidae","Ischnopsyllinae","Nycteridopsylla",NA,NA,NA,"Aneptescopsylla Ioff, 1953 (unrecognized subgenus); Dinycteridopsylla Ioff, 1953 (unrecognized subgenus); Hexanycteropsylla Ioff, 1953 (unrecognized subgenus)",NA,2729,NA,NA,NA,NA,NA,NA,NA,NA,"Aneptescopsylla Ioff, 1953 ","Nycteridopsylla (Ischnopsyllinae)",NA,NA,NA,NA,NA,"Animalia","Arthropoda","Insecta","Siphonaptera",NA,NA,"genus",NA,NA,NA,NA,NA,NA,"unrecognized subgenus","Nycteridopsylla","Aneptescopsylla Ioff, 1953 (unrecognized subgenus)"," Dinycteridopsylla Ioff, 1953 (unrecognized subgenus)"," Hexanycteropsylla Ioff, 1953 (unrecognized subgenus)",NA,NA,NA,NA,NA,NA,NA,NA,NA,NA
"Ctenophthalmidae","Rhadinopsyllinae","Rhadinopsylla",NA,NA,NA,"Rectofrontia Wagner, 1930 (synonym of subgenus Actenophthalmus); Rangulpsylla Darskaya, 1949 (synonym of subgenus Actenophthalmus)",NA,2733,NA,NA,NA,NA,NA,NA,NA,NA,"Rectofrontia Wagner, 1930 ","Rhadinopsylla (Rhadinopsyllinae)",NA,NA,NA,NA,NA,"Animalia","Arthropoda","Insecta","Siphonaptera",NA,NA,"genus",NA,NA,NA,NA,NA,NA,"synonym of subgenus Actenophthalmus","Rhadinopsylla","Rectofrontia Wagner, 1930 (synonym of subgenus Actenophthalmus)"," Rangulpsylla Darskaya, 1949 (synonym of subgenus Actenophthalmus)",NA,NA,NA,NA,NA,NA,NA,NA,NA,NA,NA
"Ctenophthalmidae","Anomiopsyllinae","Stenistomera",NA,NA,NA,"Miochaeta Good, 1942 (sunken subgenus)",NA,2735,NA,NA,NA,NA,NA,NA,NA,NA,"Miochaeta Good, 1942 ","Stenistomera (Anomiopsyllinae)",NA,NA,NA,NA,NA,"Animalia","Arthropoda","Insecta","Siphonaptera",NA,NA,"genus",NA,NA,NA,NA,NA,NA,"sunken subgenus","Stenistomera","Miochaeta Good, 1942 (sunken subgenus)",NA,NA,NA,NA,NA,NA,NA,NA,NA,NA,NA,NA
"Ceratophyllidae","Ceratophyllinae","Thrassis",NA,NA,NA,"Nomadopsylla Stark, 1970 (junior synonym of Thrassis); Pandoropsylla Stark, 1970 (junior synonym of Thrassis); Thrassoides Stark, 1970 (junior synonym of Thrassis)",NA,2738,NA,NA,NA,NA,NA,NA,NA,NA,"Nomadopsylla Stark, 1970 ","Thrassis (Ceratophyllinae)",NA,NA,NA,NA,NA,"Animalia","Arthropoda","Insecta","Siphonaptera",NA,NA,"genus",NA,NA,NA,NA,NA,NA,"junior synonym of Thrassis","Thrassis","Nomadopsylla Stark, 1970 (junior synonym of Thrassis)"," Pandoropsylla Stark, 1970 (junior synonym of Thrassis)"," Thrassoides Stark, 1970 (junior synonym of Thrassis)",NA,NA,NA,NA,NA,NA,NA,NA,NA,NA
"Leptopsyllidae","Amphipsyllinae","Amphipsylla","transcaucasica","Ioff","1953","Amphipsylla kuznetzovi transcaucasica Goncharov, 1973 (junior homonym)",NA,153,NA,NA,NA,NA,NA,NA,NA,NA,"Amphipsylla kuznetzovi transcaucasica Goncharov, 1973 ","Amphipsylla (Amphipsyllinae) transcaucasica Ioff, 1953",NA,NA,NA,NA,NA,"Animalia","Arthropoda","Insecta","Siphonaptera","transcaucasica",NA,"species",NA,"Ioff, 1953",NA,NA,NA,NA,"junior homonym","Amphipsylla transcaucasica","Amphipsylla kuznetzovi transcaucasica Goncharov, 1973 (junior homonym)",NA,NA,NA,NA,NA,NA,NA,NA,NA,NA,NA,NA
"Ceratophyllidae","Ceratophyllinae","Ceratophyllus","hirundinis","(Curtis)","1826","Pulex hirundinis Köhler, 1832 (junior homonym); Ceratophyllus hirundinis Chao, 1947 (junior homonym); Ceratophyllus hirundinis oiticus Peus, 1954; Ceratophyllus phaulius Rothschild, 1909; Ceratophyllus pinnatus Wagner, 1898; Ceratophyllus troglodytes Dampf, 1908",NA,332,NA,NA,NA,NA,NA,NA,NA,NA,"Pulex hirundinis Köhler, 1832 ","Ceratophyllus (Ceratophyllinae) hirundinis (Curtis, 1826)",NA,NA,NA,NA,NA,"Animalia","Arthropoda","Insecta","Siphonaptera","hirundinis",NA,"species",NA,"(Curtis, 1826)",NA,NA,NA,NA,"junior homonym","Ceratophyllus hirundinis","Pulex hirundinis Köhler, 1832 (junior homonym)"," Ceratophyllus hirundinis Chao, 1947 (junior homonym)"," Ceratophyllus hirundinis oiticus Peus, 1954"," Ceratophyllus phaulius Rothschild, 1909"," Ceratophyllus pinnatus Wagner, 1898"," Ceratophyllus troglodytes Dampf, 1908",NA,NA,NA,NA,NA,NA,NA
"Pulicidae","Archaeopsyllinae","Ctenocephalides","canis","(Curtis)","1926","Pulex canis Curtis, 1826 (junior homonym); Pulex canis Dugès, 1832 (junior homonym); Ctenocephalus novemdentatus Kolenati, 1859",NA,508,NA,NA,NA,NA,NA,NA,NA,NA,"Pulex canis Curtis, 1826 ","Ctenocephalides (Archaeopsyllinae) canis (Curtis, 1926)",NA,NA,NA,NA,NA,"Animalia","Arthropoda","Insecta","Siphonaptera","canis",NA,"species",NA,"(Curtis, 1926)",NA,NA,NA,NA,"junior homonym","Ctenocephalides canis","Pulex canis Curtis, 1826 (junior homonym)"," Pulex canis Dugès, 1832 (junior homonym)"," Ctenocephalus novemdentatus Kolenati, 1859",NA,NA,NA,NA,NA,NA,NA,NA,NA,NA
"Leptopsyllidae","Amphipsyllinae","Frontopsylla","tuoliensis","Yu & Zhang","1981","Frontopsylla tuoli Yu & Zhang, 1981 (misapplication of F. tuoliensis)",NA,1062,NA,NA,NA,NA,NA,NA,NA,NA,"Frontopsylla tuoli Yu & Zhang, 1981 ","Frontopsylla (Amphipsyllinae) tuoliensis Yu & Zhang, 1981",NA,NA,NA,NA,NA,"Animalia","Arthropoda","Insecta","Siphonaptera","tuoliensis",NA,"species",NA,"Yu & Zhang, 1981",NA,NA,NA,NA,"misapplication of F. tuoliensis","Frontopsylla tuoliensis","Frontopsylla tuoli Yu & Zhang, 1981 (misapplication of F. tuoliensis)",NA,NA,NA,NA,NA,NA,NA,NA,NA,NA,NA,NA
"Ischnopsyllidae","Ischnopsyllinae","Ischnopsyllus","intermedius","(Rothschild)","1898","Ischnopsyllus schmitzi Oudemans, 1909 (female Ischnopsyllus intermedius); Ceratopsylla wagneri Kohaut, 1903",NA,1194,NA,NA,NA,NA,NA,NA,NA,NA,"Ischnopsyllus schmitzi Oudemans, 1909 ","Ischnopsyllus (Ischnopsyllinae) intermedius (Rothschild, 1898)",NA,NA,NA,NA,NA,"Animalia","Arthropoda","Insecta","Siphonaptera","intermedius",NA,"species",NA,"(Rothschild, 1898)",NA,NA,NA,NA,"female Ischnopsyllus intermedius","Ischnopsyllus intermedius","Ischnopsyllus schmitzi Oudemans, 1909 (female Ischnopsyllus intermedius)"," Ceratopsylla wagneri Kohaut, 1903",NA,NA,NA,NA,NA,NA,NA,NA,NA,NA,NA
"Ischnopsyllidae","Ischnopsyllinae","Ischnopsyllus","needhami","Hsu","1935","Ischnopsyllus vasilii Skalon (in Argyropulo, 1948); Ischnopsyllus wassilii Scalon 1935",NA,1199,NA,NA,NA,NA,NA,NA,NA,NA,"Ischnopsyllus vasilii Skalon ","Ischnopsyllus (Ischnopsyllinae) needhami Hsu, 1935",NA,NA,NA,NA,NA,"Animalia","Arthropoda","Insecta","Siphonaptera","needhami",NA,"species",NA,"Hsu, 1935",NA,NA,NA,NA,"in Argyropulo, 1948","Ischnopsyllus needhami","Ischnopsyllus vasilii Skalon (in Argyropulo, 1948)"," Ischnopsyllus wassilii Scalon 1935",NA,NA,NA,NA,NA,NA,NA,NA,NA,NA,NA
"Ceratophyllidae","Ceratophyllinae","Opisodasys","vesperalis","(Jordan)","1929","Opisodasys jellisoni I. Fox, 1941 [female Opisodasys vesperalis (Jordan, 1929)]",NA,1801,NA,NA,NA,NA,NA,NA,NA,NA,"Opisodasys jellisoni I. Fox, 1941 [female Opisodasys vesperalis ]","Opisodasys (Ceratophyllinae) vesperalis (Jordan, 1929)",NA,NA,NA,NA,NA,"Animalia","Arthropoda","Insecta","Siphonaptera","vesperalis",NA,"species",NA,"(Jordan, 1929)",NA,NA,NA,NA,"Jordan, 1929","Opisodasys vesperalis","Opisodasys jellisoni I. Fox, 1941 [female Opisodasys vesperalis (Jordan, 1929)]",NA,NA,NA,NA,NA,NA,NA,NA,NA,NA,NA,NA
"Ctenophthalmidae","Ctenophthalminae","Palaeopsylla","aporema","Smit & Rosicky","1976","Palaeopsylla makaluensis Brelih, 1975 (Female)",NA,1852,NA,NA,NA,NA,NA,NA,NA,NA,"Palaeopsylla makaluensis Brelih, 1975 ","Palaeopsylla (Ctenophthalminae) aporema Smit & Rosicky, 1976",NA,NA,NA,NA,NA,"Animalia","Arthropoda","Insecta","Siphonaptera","aporema",NA,"species",NA,"Smit & Rosicky, 1976",NA,NA,NA,NA,"Female","Palaeopsylla aporema","Palaeopsylla makaluensis Brelih, 1975 (Female)",NA,NA,NA,NA,NA,NA,NA,NA,NA,NA,NA,NA
"Leptopsyllidae","Amphipsyllinae","Paradoxopsyllus","curvispinus","Miyajima & Koidzumi","1909","Paradoxopsyllus cruvispinus Miyajima & Koidzumi, 1909 (misspelling of curvispinus); Ceratophyllus subcaecatus Rothschild, 1912",NA,1970,NA,NA,NA,NA,NA,NA,NA,NA,"Paradoxopsyllus cruvispinus Miyajima & Koidzumi, 1909 ","Paradoxopsyllus (Amphipsyllinae) curvispinus Miyajima & Koidzumi, 1909",NA,NA,NA,NA,NA,"Animalia","Arthropoda","Insecta","Siphonaptera","curvispinus",NA,"species",NA,"Miyajima & Koidzumi, 1909",NA,NA,NA,NA,"misspelling of curvispinus","Paradoxopsyllus curvispinus","Paradoxopsyllus cruvispinus Miyajima & Koidzumi, 1909 (misspelling of curvispinus)"," Ceratophyllus subcaecatus Rothschild, 1912",NA,NA,NA,NA,NA,NA,NA,NA,NA,NA,NA
"Rhopalopsyllidae","Rhopalopsyllinae","Polygenis","platensis","(Jordan & Rothschild)","1908","Polygenis platensis cisandinus (Jordan, 1939)",NA,2188,NA,NA,NA,NA,NA,NA,NA,NA,"Polygenis platensis cisandinus ","Polygenis (Rhopalopsyllinae) platensis (Jordan & Rothschild, 1908)",NA,NA,NA,NA,NA,"Animalia","Arthropoda","Insecta","Siphonaptera","platensis",NA,"species",NA,"(Jordan & Rothschild, 1908)",NA,NA,NA,NA,"Jordan, 1939","Polygenis platensis","Polygenis platensis cisandinus (Jordan, 1939)",NA,NA,NA,NA,NA,NA,NA,NA,NA,NA,NA,NA
"Pygiopsyllidae",NA,"Pygiopsylla","hoplia","Jordan & Rothschild","1922","Pygiopsylla congrua Jordan & Rothschild, 1922 (female); Pygiopsylla spinata Holland, 1969",NA,2227,NA,NA,NA,NA,NA,NA,NA,NA,"Pygiopsylla congrua Jordan & Rothschild, 1922 ","Pygiopsylla hoplia Jordan & Rothschild, 1922",NA,NA,NA,NA,NA,"Animalia","Arthropoda","Insecta","Siphonaptera","hoplia",NA,"species",NA,"Jordan & Rothschild, 1922",NA,NA,NA,NA,"female","Pygiopsylla hoplia","Pygiopsylla congrua Jordan & Rothschild, 1922 (female)"," Pygiopsylla spinata Holland, 1969",NA,NA,NA,NA,NA,NA,NA,NA,NA,NA,NA
"Pygiopsyllidae",NA,"Pygiopsylla","zethi","(Rothschild)","1904","Pygiopsylla congrua Jordan & Rothschild, 1922 (male)",NA,2230,NA,NA,NA,NA,NA,NA,NA,NA,"Pygiopsylla congrua Jordan & Rothschild, 1922 ","Pygiopsylla zethi (Rothschild, 1904)",NA,NA,NA,NA,NA,"Animalia","Arthropoda","Insecta","Siphonaptera","zethi",NA,"species",NA,"(Rothschild, 1904)",NA,NA,NA,NA,"male","Pygiopsylla zethi","Pygiopsylla congrua Jordan & Rothschild, 1922 (male)",NA,NA,NA,NA,NA,NA,NA,NA,NA,NA,NA,NA
"Ctenophthalmidae","Stenoponiinae","Stenoponia","tripectinata","(Tiraboschi)","1902","Stenoponia tripectinata ssp. barcana, blanda, irakana, medialis, separata spinellosa Jordan, 1958 (see Beaucournu, 2013)",NA,2420,NA,NA,NA,NA,NA,NA,NA,NA,"Stenoponia tripectinata ssp. barcana, blanda, irakana, medialis, separata spinellosa Jordan, 1958 ","Stenoponia (Stenoponiinae) tripectinata (Tiraboschi, 1902)",NA,NA,NA,NA,NA,"Animalia","Arthropoda","Insecta","Siphonaptera","tripectinata",NA,"species",NA,"(Tiraboschi, 1902)",NA,NA,NA,NA,"see Beaucournu, 2013","Stenoponia tripectinata","Stenoponia tripectinata ssp. barcana, blanda, irakana, medialis, separata spinellosa Jordan, 1958 (see Beaucournu, 2013)",NA,NA,NA,NA,NA,NA,NA,NA,NA,NA,NA,NA
"Ceratophyllidae","Ceratophyllinae","Thrassis","acamantis","(Rothschild)","1905","Thrassis howelli (Jordan, 1933); Thrassis acamantis Stark, 1970; Thrassis pristinus Stark, 1957; Thrassis utahensis Wagner, 1936",NA,2498,NA,NA,NA,NA,NA,NA,NA,NA,"Thrassis howelli ","Thrassis (Ceratophyllinae) acamantis (Rothschild, 1905)",NA,NA,NA,NA,NA,"Animalia","Arthropoda","Insecta","Siphonaptera","acamantis",NA,"species",NA,"(Rothschild, 1905)",NA,NA,NA,NA,"Jordan, 1933","Thrassis acamantis","Thrassis howelli (Jordan, 1933)"," Thrassis acamantis Stark, 1970"," Thrassis pristinus Stark, 1957"," Thrassis utahensis Wagner, 1936",NA,NA,NA,NA,NA,NA,NA,NA,NA
"Pulicidae","Xenopsyllinae","Xenopsylla","skrjabini","Ioff","1930","Xenopsylla skrjabini Ioff, 1928 (only later 1930 did Ioff describe)",NA,2672,NA,NA,NA,NA,NA,NA,NA,NA,"Xenopsylla skrjabini Ioff, 1928 ","Xenopsylla (Xenopsyllinae) skrjabini Ioff, 1930",NA,NA,NA,NA,NA,"Animalia","Arthropoda","Insecta","Siphonaptera","skrjabini",NA,"species",NA,"Ioff, 1930",NA,NA,NA,NA,"only later 1930 did Ioff describe","Xenopsylla skrjabini","Xenopsylla skrjabini Ioff, 1928 (only later 1930 did Ioff describe)",NA,NA,NA,NA,NA,NA,NA,NA,NA,NA,NA,NA
"Ceratophyllidae","Ceratophyllinae","Amalaraeus","penicilliger mustelae","(Dale)","1878","Ceratophyllus mustelae Wagner, 1898 (junior homonym)",NA,82,NA,NA,NA,NA,NA,NA,NA,NA,"Ceratophyllus mustelae Wagner, 1898 ","Amalaraeus (Ceratophyllinae) penicilliger  mustelae (Dale, 1878)",NA,NA,NA,NA,NA,"Animalia","Arthropoda","Insecta","Siphonaptera","penicilliger ","mustelae","subspecies",NA,"(Dale, 1878)",NA,NA,NA,NA,"junior homonym","Amalaraeus penicilliger  mustelae","Ceratophyllus mustelae Wagner, 1898 (junior homonym)",NA,NA,NA,NA,NA,NA,NA,NA,NA,NA,NA,NA
"Leptopsyllidae","Amphipsyllinae","Amphipsylla","sibirica sibirica","(Wagner)","1898","Typhlopsylla sibirica Wagner, 1901 (junior homonym); Ceratophyllus thoracicus Rothschild, 1911",NA,150,NA,NA,NA,NA,NA,NA,NA,NA,"Typhlopsylla sibirica Wagner, 1901 ","Amphipsylla (Amphipsyllinae) sibirica  sibirica (Wagner, 1898)",NA,NA,NA,NA,NA,"Animalia","Arthropoda","Insecta","Siphonaptera","sibirica ","sibirica","subspecies",NA,"(Wagner, 1898)",NA,NA,NA,NA,"junior homonym","Amphipsylla sibirica  sibirica","Typhlopsylla sibirica Wagner, 1901 (junior homonym)"," Ceratophyllus thoracicus Rothschild, 1911",NA,NA,NA,NA,NA,NA,NA,NA,NA,NA,NA
"Ceratophyllidae","Ceratophyllinae","Ceratophyllus","farreni chaoi","Smit & Allan","1955","Ceratophyllus chaoi Wang, 1957 (jurnior homonym)",NA,322,NA,NA,NA,NA,NA,NA,NA,NA,"Ceratophyllus chaoi Wang, 1957 ","Ceratophyllus (Ceratophyllinae) farreni  chaoi Smit & Allan, 1955",NA,NA,NA,NA,NA,"Animalia","Arthropoda","Insecta","Siphonaptera","farreni ","chaoi","subspecies",NA,"Smit & Allan, 1955",NA,NA,NA,NA,"jurnior homonym","Ceratophyllus farreni  chaoi","Ceratophyllus chaoi Wang, 1957 (jurnior homonym)",NA,NA,NA,NA,NA,NA,NA,NA,NA,NA,NA,NA
"Ctenophthalmidae","Ctenophthalminae","Palaeopsylla","tauberi makaluensis","Brelih","1975","Palaeopsylla makaluensis Brelih, 1975 (Male)",NA,1909,NA,NA,NA,NA,NA,NA,NA,NA,"Palaeopsylla makaluensis Brelih, 1975 ","Palaeopsylla (Ctenophthalminae) tauberi  makaluensis Brelih, 1975",NA,NA,NA,NA,NA,"Animalia","Arthropoda","Insecta","Siphonaptera","tauberi ","makaluensis","subspecies",NA,"Brelih, 1975",NA,NA,NA,NA,"Male","Palaeopsylla tauberi  makaluensis","Palaeopsylla makaluensis Brelih, 1975 (Male)",NA,NA,NA,NA,NA,NA,NA,NA,NA,NA,NA,NA
"Ctenophthalmidae","Rhadinopsyllinae","Rhadinopsylla","li transbaikalica","Ioff & Tiflov","1947","Rhadinopsylla acuminata Ioff & Tiflov, 1946 (suppressed by ICZN)",NA,2285,NA,NA,NA,NA,NA,NA,NA,NA,"Rhadinopsylla acuminata Ioff & Tiflov, 1946 ","Rhadinopsylla (Rhadinopsyllinae) li  transbaikalica Ioff & Tiflov, 1947",NA,NA,NA,NA,NA,"Animalia","Arthropoda","Insecta","Siphonaptera","li ","transbaikalica","subspecies",NA,"Ioff & Tiflov, 1947",NA,NA,NA,NA,"suppressed by ICZN","Rhadinopsylla li  transbaikalica","Rhadinopsylla acuminata Ioff & Tiflov, 1946 (suppressed by ICZN)",NA,NA,NA,NA,NA,NA,NA,NA,NA,NA,NA,NA
"Ceratophyllidae","Ceratophyllinae","Amalaraeus",NA,NA,NA,"Trichopsylla Kolenati, 1863; Trichopsylla Jordan & Rothschild, 1920 (junior homonym of Trichopsylla Kolenati, 1863); Trichopsylla Ewing & Fox, 1943 (junior homonym of Trichopsylla Kolenati, 1863)",NA,2698,NA,NA,NA,NA,NA,NA,NA,NA," Trichopsylla Jordan & Rothschild, 1920 ","Amalaraeus (Ceratophyllinae)",NA,NA,NA,NA,NA,"Animalia","Arthropoda","Insecta","Siphonaptera",NA,NA,"genus",NA,NA,NA,NA,NA,NA,"junior homonym of Trichopsylla Kolenati, 1863","Amalaraeus","Trichopsylla Kolenati, 1863"," Trichopsylla Jordan & Rothschild, 1920 (junior homonym of Trichopsylla Kolenati, 1863)"," Trichopsylla Ewing & Fox, 1943 (junior homonym of Trichopsylla Kolenati, 1863)",NA,NA,NA,NA,NA,NA,NA,NA,NA,NA
"Ischnopsyllidae","Ischnopsyllinae","Ischnopsyllus",NA,NA,NA,"Hirtopsylla Argyropulo, 1948 (unrecognized subgenus); Spalacopsylla Oudemans, 1906 (junior synonym)",NA,2719,NA,NA,NA,NA,NA,NA,NA,NA," Spalacopsylla Oudemans, 1906 ","Ischnopsyllus (Ischnopsyllinae)",NA,NA,NA,NA,NA,"Animalia","Arthropoda","Insecta","Siphonaptera",NA,NA,"genus",NA,NA,NA,NA,NA,NA,"junior synonym","Ischnopsyllus","Hirtopsylla Argyropulo, 1948 (unrecognized subgenus)"," Spalacopsylla Oudemans, 1906 (junior synonym)",NA,NA,NA,NA,NA,NA,NA,NA,NA,NA,NA
"Ceratophyllidae","Ceratophyllinae","Jellisonia",NA,NA,NA,"Pleochaetoides Augustson, 1944 (subgenus of Jellisonia); Jellisonia Traub, 1944 (subgenus)",NA,2720,NA,NA,NA,NA,NA,NA,NA,NA," Jellisonia Traub, 1944 ","Jellisonia (Ceratophyllinae)",NA,NA,NA,NA,NA,"Animalia","Arthropoda","Insecta","Siphonaptera",NA,NA,"genus",NA,NA,NA,NA,NA,NA,"subgenus","Jellisonia","Pleochaetoides Augustson, 1944 (subgenus of Jellisonia)"," Jellisonia Traub, 1944 (subgenus)",NA,NA,NA,NA,NA,NA,NA,NA,NA,NA,NA
"Ischnopsyllidae","Ischnopsyllinae","Nycteridopsylla",NA,NA,NA,"Aneptescopsylla Ioff, 1953 (unrecognized subgenus); Dinycteridopsylla Ioff, 1953 (unrecognized subgenus); Hexanycteropsylla Ioff, 1953 (unrecognized subgenus)",NA,2729,NA,NA,NA,NA,NA,NA,NA,NA," Dinycteridopsylla Ioff, 1953 ","Nycteridopsylla (Ischnopsyllinae)",NA,NA,NA,NA,NA,"Animalia","Arthropoda","Insecta","Siphonaptera",NA,NA,"genus",NA,NA,NA,NA,NA,NA,"unrecognized subgenus","Nycteridopsylla","Aneptescopsylla Ioff, 1953 (unrecognized subgenus)"," Dinycteridopsylla Ioff, 1953 (unrecognized subgenus)"," Hexanycteropsylla Ioff, 1953 (unrecognized subgenus)",NA,NA,NA,NA,NA,NA,NA,NA,NA,NA
"Ctenophthalmidae","Rhadinopsyllinae","Rhadinopsylla",NA,NA,NA,"Rectofrontia Wagner, 1930 (synonym of subgenus Actenophthalmus); Rangulpsylla Darskaya, 1949 (synonym of subgenus Actenophthalmus)",NA,2733,NA,NA,NA,NA,NA,NA,NA,NA," Rangulpsylla Darskaya, 1949 ","Rhadinopsylla (Rhadinopsyllinae)",NA,NA,NA,NA,NA,"Animalia","Arthropoda","Insecta","Siphonaptera",NA,NA,"genus",NA,NA,NA,NA,NA,NA,"synonym of subgenus Actenophthalmus","Rhadinopsylla","Rectofrontia Wagner, 1930 (synonym of subgenus Actenophthalmus)"," Rangulpsylla Darskaya, 1949 (synonym of subgenus Actenophthalmus)",NA,NA,NA,NA,NA,NA,NA,NA,NA,NA,NA
"Ceratophyllidae","Ceratophyllinae","Thrassis",NA,NA,NA,"Nomadopsylla Stark, 1970 (junior synonym of Thrassis); Pandoropsylla Stark, 1970 (junior synonym of Thrassis); Thrassoides Stark, 1970 (junior synonym of Thrassis)",NA,2738,NA,NA,NA,NA,NA,NA,NA,NA," Pandoropsylla Stark, 1970 ","Thrassis (Ceratophyllinae)",NA,NA,NA,NA,NA,"Animalia","Arthropoda","Insecta","Siphonaptera",NA,NA,"genus",NA,NA,NA,NA,NA,NA,"junior synonym of Thrassis","Thrassis","Nomadopsylla Stark, 1970 (junior synonym of Thrassis)"," Pandoropsylla Stark, 1970 (junior synonym of Thrassis)"," Thrassoides Stark, 1970 (junior synonym of Thrassis)",NA,NA,NA,NA,NA,NA,NA,NA,NA,NA
"Ceratophyllidae","Ceratophyllinae","Ceratophyllus","hirundinis","(Curtis)","1826","Pulex hirundinis Köhler, 1832 (junior homonym); Ceratophyllus hirundinis Chao, 1947 (junior homonym); Ceratophyllus hirundinis oiticus Peus, 1954; Ceratophyllus phaulius Rothschild, 1909; Ceratophyllus pinnatus Wagner, 1898; Ceratophyllus troglodytes Dampf, 1908",NA,332,NA,NA,NA,NA,NA,NA,NA,NA," Ceratophyllus hirundinis Chao, 1947 ","Ceratophyllus (Ceratophyllinae) hirundinis (Curtis, 1826)",NA,NA,NA,NA,NA,"Animalia","Arthropoda","Insecta","Siphonaptera","hirundinis",NA,"species",NA,"(Curtis, 1826)",NA,NA,NA,NA,"junior homonym","Ceratophyllus hirundinis","Pulex hirundinis Köhler, 1832 (junior homonym)"," Ceratophyllus hirundinis Chao, 1947 (junior homonym)"," Ceratophyllus hirundinis oiticus Peus, 1954"," Ceratophyllus phaulius Rothschild, 1909"," Ceratophyllus pinnatus Wagner, 1898"," Ceratophyllus troglodytes Dampf, 1908",NA,NA,NA,NA,NA,NA,NA
"Pulicidae","Archaeopsyllinae","Ctenocephalides","canis","(Curtis)","1926","Pulex canis Curtis, 1826 (junior homonym); Pulex canis Dugès, 1832 (junior homonym); Ctenocephalus novemdentatus Kolenati, 1859",NA,508,NA,NA,NA,NA,NA,NA,NA,NA," Pulex canis Dugès, 1832 ","Ctenocephalides (Archaeopsyllinae) canis (Curtis, 1926)",NA,NA,NA,NA,NA,"Animalia","Arthropoda","Insecta","Siphonaptera","canis",NA,"species",NA,"(Curtis, 1926)",NA,NA,NA,NA,"junior homonym","Ctenocephalides canis","Pulex canis Curtis, 1826 (junior homonym)"," Pulex canis Dugès, 1832 (junior homonym)"," Ctenocephalus novemdentatus Kolenati, 1859",NA,NA,NA,NA,NA,NA,NA,NA,NA,NA
"Ctenophthalmidae","Rhadinopsyllinae","Rhadinopsylla","isacantha","(Rothschild)","1907","Rhadinopsylla isacantha continentalis Smit, 1957; Rhadinopsylla pitymydis (Zavattari, 1914)",NA,2278,NA,NA,NA,NA,NA,NA,NA,NA," Rhadinopsylla pitymydis ","Rhadinopsylla (Rhadinopsyllinae) isacantha (Rothschild, 1907)",NA,NA,NA,NA,NA,"Animalia","Arthropoda","Insecta","Siphonaptera","isacantha",NA,"species",NA,"(Rothschild, 1907)",NA,NA,NA,NA,"Zavattari, 1914","Rhadinopsylla isacantha","Rhadinopsylla isacantha continentalis Smit, 1957"," Rhadinopsylla pitymydis (Zavattari, 1914)",NA,NA,NA,NA,NA,NA,NA,NA,NA,NA,NA
"Pulicidae","Xenopsyllinae","Synosternus","pallidus","(Taschenberg)","1880","Synosternus pallidus infestus Wagner, 1933; Pulex witherbyi Rothschild (in: Witherby, 1902)",NA,2477,NA,NA,NA,NA,NA,NA,NA,NA," Pulex witherbyi Rothschild ","Synosternus (Xenopsyllinae) pallidus (Taschenberg, 1880)",NA,NA,NA,NA,NA,"Animalia","Arthropoda","Insecta","Siphonaptera","pallidus",NA,"species",NA,"(Taschenberg, 1880)",NA,NA,NA,NA,"in: Witherby, 1902","Synosternus pallidus","Synosternus pallidus infestus Wagner, 1933"," Pulex witherbyi Rothschild (in: Witherby, 1902)",NA,NA,NA,NA,NA,NA,NA,NA,NA,NA,NA
"Ceratophyllidae","Ceratophyllinae","Tarsopsylla","octodecimdentata","(Kolenati)","1863","Ctenonotus octodecimdentata octodecimdentata Kolenati 1863; Opisodasys jellisoni I. Fox, 1941 (male Tarsopsylla octodecimdentata); Ceratophyllus uralensis Wagner, 1898",NA,2481,NA,NA,NA,NA,NA,NA,NA,NA," Opisodasys jellisoni I. Fox, 1941 ","Tarsopsylla (Ceratophyllinae) octodecimdentata (Kolenati, 1863)",NA,NA,NA,NA,NA,"Animalia","Arthropoda","Insecta","Siphonaptera","octodecimdentata",NA,"species",NA,"(Kolenati, 1863)",NA,NA,NA,NA,"male Tarsopsylla octodecimdentata","Tarsopsylla octodecimdentata","Ctenonotus octodecimdentata octodecimdentata Kolenati 1863"," Opisodasys jellisoni I. Fox, 1941 (male Tarsopsylla octodecimdentata)"," Ceratophyllus uralensis Wagner, 1898",NA,NA,NA,NA,NA,NA,NA,NA,NA,NA
"Pygiopsyllidae",NA,"Acanthopsylla","scintilla scintilla","(M. Rothschild)","1936","Glauertia scintilla M. Rothschild, 1936; Glauertidos M. Rothschild, 1937 (nomen novum for Glauertia = Acanthopsylla Jordan & Rothschild, 1922)",NA,19,NA,NA,NA,NA,NA,NA,NA,NA," Glauertidos M. Rothschild, 1937 ","Acanthopsylla scintilla  scintilla (M. Rothschild, 1936)",NA,NA,NA,NA,NA,"Animalia","Arthropoda","Insecta","Siphonaptera","scintilla ","scintilla","subspecies",NA,"(M. Rothschild, 1936)",NA,NA,NA,NA,"nomen novum for Glauertia = Acanthopsylla Jordan & Rothschild, 1922","Acanthopsylla scintilla  scintilla","Glauertia scintilla M. Rothschild, 1936"," Glauertidos M. Rothschild, 1937 (nomen novum for Glauertia = Acanthopsylla Jordan & Rothschild, 1922)",NA,NA,NA,NA,NA,NA,NA,NA,NA,NA,NA
"Hystrichopsyllidae","Hystrichopsyllinae","Atyphloceras","multidentatus multidentatus","(C. Fox)","1909","Atyphloceras artius Jordan 1933; Atyphoceras (recte Atyphloceras) felix Jordan, 1933",NA,209,NA,NA,NA,NA,NA,NA,NA,NA," Atyphoceras  felix Jordan, 1933","Atyphloceras (Hystrichopsyllinae) multidentatus  multidentatus (C. Fox, 1909)",NA,NA,NA,NA,NA,"Animalia","Arthropoda","Insecta","Siphonaptera","multidentatus ","multidentatus","subspecies",NA,"(C. Fox, 1909)",NA,NA,NA,NA,"recte Atyphloceras","Atyphloceras multidentatus  multidentatus","Atyphloceras artius Jordan 1933"," Atyphoceras (recte Atyphloceras) felix Jordan, 1933",NA,NA,NA,NA,NA,NA,NA,NA,NA,NA,NA
"Ctenophthalmidae","Ctenophthalminae","Ctenophthalmus","agyrtes peusianus","Rosicky","1955","Ctenophthalmus agyrtes obenbergeri Rosicky, 1957; Ctenophthalmus agyrtes slovacicus Rosicky, 1951 (partim); Ctenophthalmus orphilus tatricus Rosicky, 1951 (partim)",NA,540,NA,NA,NA,NA,NA,NA,NA,NA," Ctenophthalmus agyrtes slovacicus Rosicky, 1951 ","Ctenophthalmus (Ctenophthalminae) agyrtes  peusianus Rosicky, 1955",NA,NA,NA,NA,NA,"Animalia","Arthropoda","Insecta","Siphonaptera","agyrtes ","peusianus","subspecies",NA,"Rosicky, 1955",NA,NA,NA,NA,"partim","Ctenophthalmus agyrtes  peusianus","Ctenophthalmus agyrtes obenbergeri Rosicky, 1957"," Ctenophthalmus agyrtes slovacicus Rosicky, 1951 (partim)"," Ctenophthalmus orphilus tatricus Rosicky, 1951 (partim)",NA,NA,NA,NA,NA,NA,NA,NA,NA,NA
"Ceratophyllidae","Ceratophyllinae","Amalaraeus",NA,NA,NA,"Trichopsylla Kolenati, 1863; Trichopsylla Jordan & Rothschild, 1920 (junior homonym of Trichopsylla Kolenati, 1863); Trichopsylla Ewing & Fox, 1943 (junior homonym of Trichopsylla Kolenati, 1863)",NA,2698,NA,NA,NA,NA,NA,NA,NA,NA," Trichopsylla Ewing & Fox, 1943 ","Amalaraeus (Ceratophyllinae)",NA,NA,NA,NA,NA,"Animalia","Arthropoda","Insecta","Siphonaptera",NA,NA,"genus",NA,NA,NA,NA,NA,NA,"junior homonym of Trichopsylla Kolenati, 1863","Amalaraeus","Trichopsylla Kolenati, 1863"," Trichopsylla Jordan & Rothschild, 1920 (junior homonym of Trichopsylla Kolenati, 1863)"," Trichopsylla Ewing & Fox, 1943 (junior homonym of Trichopsylla Kolenati, 1863)",NA,NA,NA,NA,NA,NA,NA,NA,NA,NA
"Ischnopsyllidae","Ischnopsyllinae","Nycteridopsylla",NA,NA,NA,"Aneptescopsylla Ioff, 1953 (unrecognized subgenus); Dinycteridopsylla Ioff, 1953 (unrecognized subgenus); Hexanycteropsylla Ioff, 1953 (unrecognized subgenus)",NA,2729,NA,NA,NA,NA,NA,NA,NA,NA," Hexanycteropsylla Ioff, 1953 ","Nycteridopsylla (Ischnopsyllinae)",NA,NA,NA,NA,NA,"Animalia","Arthropoda","Insecta","Siphonaptera",NA,NA,"genus",NA,NA,NA,NA,NA,NA,"unrecognized subgenus","Nycteridopsylla","Aneptescopsylla Ioff, 1953 (unrecognized subgenus)"," Dinycteridopsylla Ioff, 1953 (unrecognized subgenus)"," Hexanycteropsylla Ioff, 1953 (unrecognized subgenus)",NA,NA,NA,NA,NA,NA,NA,NA,NA,NA
"Ceratophyllidae","Ceratophyllinae","Thrassis",NA,NA,NA,"Nomadopsylla Stark, 1970 (junior synonym of Thrassis); Pandoropsylla Stark, 1970 (junior synonym of Thrassis); Thrassoides Stark, 1970 (junior synonym of Thrassis)",NA,2738,NA,NA,NA,NA,NA,NA,NA,NA," Thrassoides Stark, 1970 ","Thrassis (Ceratophyllinae)",NA,NA,NA,NA,NA,"Animalia","Arthropoda","Insecta","Siphonaptera",NA,NA,"genus",NA,NA,NA,NA,NA,NA,"junior synonym of Thrassis","Thrassis","Nomadopsylla Stark, 1970 (junior synonym of Thrassis)"," Pandoropsylla Stark, 1970 (junior synonym of Thrassis)"," Thrassoides Stark, 1970 (junior synonym of Thrassis)",NA,NA,NA,NA,NA,NA,NA,NA,NA,NA
"Tungidae",NA,"Tunga",NA,NA,NA,"Dermatophilus Guérin, 1840; Dermatophylus Lucas, 1839; Psammodes Gistel 1850 (1847?); Rhynchoprion Karsten, 1864; Sarcophaga Westwood, 1840",NA,2740,NA,NA,NA,NA,NA,NA,NA,NA," Psammodes Gistel 1850 ","Tunga",NA,NA,NA,NA,NA,"Animalia","Arthropoda","Insecta","Siphonaptera",NA,NA,"genus",NA,NA,NA,NA,NA,NA,"1847?","Tunga","Dermatophilus Guérin, 1840"," Dermatophylus Lucas, 1839"," Psammodes Gistel 1850 (1847?)"," Rhynchoprion Karsten, 1864"," Sarcophaga Westwood, 1840",NA,NA,NA,NA,NA,NA,NA,NA
"Ceratophyllidae","Ceratophyllinae","Nosopsyllus","mokrzeckyi","(Wagner)","1916","Ceratophyllus acutus Baker, 1904; Diamanus hopkinsi Vargas, 1955; Oropsylla montana mandarina (Jordan & Rothschild, 1911); Ceratophyllus sucinus Jordan & Rothschild, 1921",NA,1702,NA,NA,NA,NA,NA,NA,NA,NA," Oropsylla montana mandarina ","Nosopsyllus (Ceratophyllinae) mokrzeckyi (Wagner, 1916)",NA,NA,NA,NA,NA,"Animalia","Arthropoda","Insecta","Siphonaptera","mokrzeckyi",NA,"species",NA,"(Wagner, 1916)",NA,NA,NA,NA,"Jordan & Rothschild, 1911","Nosopsyllus mokrzeckyi","Ceratophyllus acutus Baker, 1904"," Diamanus hopkinsi Vargas, 1955"," Oropsylla montana mandarina (Jordan & Rothschild, 1911)"," Ceratophyllus sucinus Jordan & Rothschild, 1921",NA,NA,NA,NA,NA,NA,NA,NA,NA
"Ceratophyllidae","Ceratophyllinae","Oropsylla","montana","(Baker)","1895","Ceratophyllus acutus Baker, 1904; Diamanus hopkinsi Vargas, 1955; Oropsylla montana mandarina (Jordan & Rothschild, 1911)",NA,1830,NA,NA,NA,NA,NA,NA,NA,NA," Oropsylla montana mandarina ","Oropsylla (Ceratophyllinae) montana (Baker, 1895)",NA,NA,NA,NA,NA,"Animalia","Arthropoda","Insecta","Siphonaptera","montana",NA,"species",NA,"(Baker, 1895)",NA,NA,NA,NA,"Jordan & Rothschild, 1911","Oropsylla montana","Ceratophyllus acutus Baker, 1904"," Diamanus hopkinsi Vargas, 1955"," Oropsylla montana mandarina (Jordan & Rothschild, 1911)",NA,NA,NA,NA,NA,NA,NA,NA,NA,NA
"Ceratophyllidae","Ceratophyllinae","Citellophilus","simplex simplex","(Wagner)","1902","Ceratophyllus danubianus Rothschild, 1909; Citellophilus simplex domicae Rosicky, 1956; Ischnopsyllus schmitzi Oudemans, 1909 (male of Ischnopsyllus simplex simplex)",NA,438,NA,NA,NA,NA,NA,NA,NA,NA," Ischnopsyllus schmitzi Oudemans, 1909 ","Citellophilus (Ceratophyllinae) simplex  simplex (Wagner, 1902)",NA,NA,NA,NA,NA,"Animalia","Arthropoda","Insecta","Siphonaptera","simplex ","simplex","subspecies",NA,"(Wagner, 1902)",NA,NA,NA,NA,"male of Ischnopsyllus simplex simplex","Citellophilus simplex  simplex","Ceratophyllus danubianus Rothschild, 1909"," Citellophilus simplex domicae Rosicky, 1956"," Ischnopsyllus schmitzi Oudemans, 1909 (male of Ischnopsyllus simplex simplex)",NA,NA,NA,NA,NA,NA,NA,NA,NA,NA
"Ctenophthalmidae","Ctenophthalminae","Ctenophthalmus","agyrtes agyrtes","(Heller)","1896","Ctenophthalmus agyrtoides Wahlgren, 1911; Ctenophthalmus agyrtes hanzaki Rosicky, 1951; Ctenophthalmus agyrtes slovacicus Rosicky, 1951 (partim); Ctenophthalmus orphilus tatricus Rosicky, 1951 (partim)",NA,529,NA,NA,NA,NA,NA,NA,NA,NA," Ctenophthalmus agyrtes slovacicus Rosicky, 1951 ","Ctenophthalmus (Ctenophthalminae) agyrtes  agyrtes (Heller, 1896)",NA,NA,NA,NA,NA,"Animalia","Arthropoda","Insecta","Siphonaptera","agyrtes ","agyrtes","subspecies",NA,"(Heller, 1896)",NA,NA,NA,NA,"partim","Ctenophthalmus agyrtes  agyrtes","Ctenophthalmus agyrtoides Wahlgren, 1911"," Ctenophthalmus agyrtes hanzaki Rosicky, 1951"," Ctenophthalmus agyrtes slovacicus Rosicky, 1951 (partim)"," Ctenophthalmus orphilus tatricus Rosicky, 1951 (partim)",NA,NA,NA,NA,NA,NA,NA,NA,NA
"Ctenophthalmidae","Ctenophthalminae","Ctenophthalmus","agyrtes peusianus","Rosicky","1955","Ctenophthalmus agyrtes obenbergeri Rosicky, 1957; Ctenophthalmus agyrtes slovacicus Rosicky, 1951 (partim); Ctenophthalmus orphilus tatricus Rosicky, 1951 (partim)",NA,540,NA,NA,NA,NA,NA,NA,NA,NA," Ctenophthalmus orphilus tatricus Rosicky, 1951 ","Ctenophthalmus (Ctenophthalminae) agyrtes  peusianus Rosicky, 1955",NA,NA,NA,NA,NA,"Animalia","Arthropoda","Insecta","Siphonaptera","agyrtes ","peusianus","subspecies",NA,"Rosicky, 1955",NA,NA,NA,NA,"partim","Ctenophthalmus agyrtes  peusianus","Ctenophthalmus agyrtes obenbergeri Rosicky, 1957"," Ctenophthalmus agyrtes slovacicus Rosicky, 1951 (partim)"," Ctenophthalmus orphilus tatricus Rosicky, 1951 (partim)",NA,NA,NA,NA,NA,NA,NA,NA,NA,NA
"Leptopsyllidae","Leptopsyllinae","Leptopsylla","segnis","(Schönherr)","1811","Ctenophthalmus bisbidentatus Kolenati, 1859; Typhlopsylla mexicana Baker, 1896; Pulex musculi Dugès, 1832; Pulex musculi Bouché, 1835 (junior homonym of Pulex musculi Dugès, 1832); Ctenophthalmus quadridentatus Kolenati, 1859",NA,1305,NA,NA,NA,NA,NA,NA,NA,NA," Pulex musculi Bouché, 1835 ","Leptopsylla (Leptopsyllinae) segnis (Schönherr, 1811)",NA,NA,NA,NA,NA,"Animalia","Arthropoda","Insecta","Siphonaptera","segnis",NA,"species",NA,"(Schönherr, 1811)",NA,NA,NA,NA,"junior homonym of Pulex musculi Dugès, 1832","Leptopsylla segnis","Ctenophthalmus bisbidentatus Kolenati, 1859"," Typhlopsylla mexicana Baker, 1896"," Pulex musculi Dugès, 1832"," Pulex musculi Bouché, 1835 (junior homonym of Pulex musculi Dugès, 1832)"," Ctenophthalmus quadridentatus Kolenati, 1859",NA,NA,NA,NA,NA,NA,NA,NA
"Ctenophthalmidae","Ctenophthalminae","Ctenophthalmus","agyrtes agyrtes","(Heller)","1896","Ctenophthalmus agyrtoides Wahlgren, 1911; Ctenophthalmus agyrtes hanzaki Rosicky, 1951; Ctenophthalmus agyrtes slovacicus Rosicky, 1951 (partim); Ctenophthalmus orphilus tatricus Rosicky, 1951 (partim)",NA,529,NA,NA,NA,NA,NA,NA,NA,NA," Ctenophthalmus orphilus tatricus Rosicky, 1951 ","Ctenophthalmus (Ctenophthalminae) agyrtes  agyrtes (Heller, 1896)",NA,NA,NA,NA,NA,"Animalia","Arthropoda","Insecta","Siphonaptera","agyrtes ","agyrtes","subspecies",NA,"(Heller, 1896)",NA,NA,NA,NA,"partim","Ctenophthalmus agyrtes  agyrtes","Ctenophthalmus agyrtoides Wahlgren, 1911"," Ctenophthalmus agyrtes hanzaki Rosicky, 1951"," Ctenophthalmus agyrtes slovacicus Rosicky, 1951 (partim)"," Ctenophthalmus orphilus tatricus Rosicky, 1951 (partim)",NA,NA,NA,NA,NA,NA,NA,NA,NA
"Ceratophyllidae","Ceratophyllinae","Nosopsyllus","fasciatus","(Bosc)","1800","Ceratophyllus californicus Baker, 1904; Ceratophyllus canadensis Baker, 1904; Ceratophyllus endymionis Rothschild, 1904; Pulex furoris Dale, 1878; Ceratophyllus oculatus Baker, 1904; Nosopsyllus paganus Peus, 1949; Pulex talpae Bouche, 1835 (junior homonym of Pulex fasciatus Bosc, 1800)",NA,1675,NA,NA,NA,NA,NA,NA,NA,NA," Pulex talpae Bouche, 1835 ","Nosopsyllus (Ceratophyllinae) fasciatus (Bosc, 1800)",NA,NA,NA,NA,NA,"Animalia","Arthropoda","Insecta","Siphonaptera","fasciatus",NA,"species",NA,"(Bosc, 1800)",NA,NA,NA,NA,"junior homonym of Pulex fasciatus Bosc, 1800","Nosopsyllus fasciatus","Ceratophyllus californicus Baker, 1904"," Ceratophyllus canadensis Baker, 1904"," Ceratophyllus endymionis Rothschild, 1904"," Pulex furoris Dale, 1878"," Ceratophyllus oculatus Baker, 1904"," Nosopsyllus paganus Peus, 1949"," Pulex talpae Bouche, 1835 (junior homonym of Pulex fasciatus Bosc, 1800)",NA,NA,NA,NA,NA,NA
