"catalog number","barcode","catalog","class","order","family","scientificName","type status","type citation","other identifications","sex and stage","preparation","bioregion","distribution","country","province/state","district/county","precise locality","elevation (m)","centroid latitude","centroid longitude","field number","collector(s)","collecting date","specimen count","record status","genetic sample type","biorepository number","bold id","genbank numbers","preservation method","embargo?","depleted?","record last modified","ezid","TPTdataset","TPTID","taxonID","scientificNameID","acceptedNameUsageID","parentNameUsageID","originalNameUsageID","nameAccordingToID","namePublishedInID","taxonConceptID","acceptedNameUsage","parentNameUsage","originalNameUsage","nameAccordingTo","namePublishedIn","namePublishedInYear","higherClassification","kingdom","phylum","genus","subgenus","specificEpithet","infraspecificEpithet","taxonRank","verbatimTaxonRank","scientificNameAuthorship","vernacularName","nomenclaturalCode","taxonomicStatus","nomenclaturalStatus","taxonRemarks","reason"
NA,NA,"Species Inventory","Insecta","Siphonaptera","Ceratophyllidae","Megabothris unidentified",NA,NA,NA,NA,"Slide",NA,NA,NA,NA,NA,NA,NA,NA,NA,NA,NA,NA,1,"Reviewed, 2011, Submitted by F. Shockley, SI.",NA,NA,NA,NA,NA,NA,NA,2014-09-30 14:52:00,"http://n2t.net/ark:/65665/3d29778bb-8a17-462f-a164-f1d9d84c1684","NMNH",61,NA,NA,NA,NA,NA,NA,NA,NA,NA,NA,NA,NA,NA,NA,NA,NA,NA,"Megabothris",NA,"unidentified",NA,NA,NA,"",NA,NA,NA,NA,NA,"specificEpithet flagged"
NA,NA,"Species Inventory","Insecta","Siphonaptera","Ceratophyllidae","Mioctenopsylla unidentified",NA,NA,NA,NA,"Slide",NA,NA,NA,NA,NA,NA,NA,NA,NA,NA,NA,NA,1,"Reviewed, 2011, Submitted by F. Shockley, SI.",NA,NA,NA,NA,NA,NA,NA,2014-09-30 14:52:00,"http://n2t.net/ark:/65665/373788285-f649-4558-83da-1a69e49dacef","NMNH",64,NA,NA,NA,NA,NA,NA,NA,NA,NA,NA,NA,NA,NA,NA,NA,NA,NA,"Mioctenopsylla",NA,"unidentified",NA,NA,NA,"",NA,NA,NA,NA,NA,"specificEpithet flagged"
NA,NA,"Species Inventory","Insecta","Siphonaptera","Ceratophyllidae","Nosopsyllus (Nosopsyllus) unidentified",NA,NA,NA,NA,"Slide",NA,NA,NA,NA,NA,NA,NA,NA,NA,NA,NA,NA,1,"Reviewed, 2011, Submitted by F. Shockley, SI.",NA,NA,NA,NA,NA,NA,NA,2014-09-30 14:53:00,"http://n2t.net/ark:/65665/303d16d2d-2457-4367-a399-e866fc9921db","NMNH",67,NA,NA,NA,NA,NA,NA,NA,NA,NA,NA,NA,NA,NA,NA,NA,NA,NA,"Nosopsyllus","Nosopsyllus","unidentified",NA,NA,NA,"",NA,NA,NA,NA,NA,"specificEpithet flagged"
NA,NA,"Species Inventory","Insecta","Siphonaptera","Ischnopsyllidae","Araeopsylla unidentified",NA,NA,NA,NA,"Slide",NA,NA,NA,NA,NA,NA,NA,NA,NA,NA,NA,NA,4,"Reviewed, 2011, Submitted by F. Shockley, SI.",NA,NA,NA,NA,NA,NA,NA,2014-09-30 14:58:00,"http://n2t.net/ark:/65665/304a61297-6272-47f9-9fe6-d4be2e567284","NMNH",78,NA,NA,NA,NA,NA,NA,NA,NA,NA,NA,NA,NA,NA,NA,NA,NA,NA,"Araeopsylla",NA,"unidentified",NA,NA,NA,"",NA,NA,NA,NA,NA,"specificEpithet flagged"
NA,NA,"Species Inventory","Insecta","Siphonaptera","Ceratophyllidae","Nosopsyllus unidentified",NA,NA,NA,NA,"Slide",NA,NA,NA,NA,NA,NA,NA,NA,NA,NA,NA,NA,1,"Reviewed, 2011, Submitted by F. Shockley, SI.",NA,NA,NA,NA,NA,NA,NA,2014-09-30 14:54:00,"http://n2t.net/ark:/65665/341068b19-9f30-4fed-873a-6543cdad259b","NMNH",91,NA,NA,NA,NA,NA,NA,NA,NA,NA,NA,NA,NA,NA,NA,NA,NA,NA,"Nosopsyllus",NA,"unidentified",NA,NA,NA,"",NA,NA,NA,NA,NA,"specificEpithet flagged"
NA,NA,"Species Inventory","Insecta","Siphonaptera","Ischnopsyllidae","Chiropteropsylla unidentified",NA,NA,NA,NA,"Slide",NA,NA,NA,NA,NA,NA,NA,NA,NA,NA,NA,NA,1,"Reviewed, 2011, Submitted by F. Shockley, SI.",NA,NA,NA,NA,NA,NA,NA,2014-09-30 14:58:00,"http://n2t.net/ark:/65665/3a1efee3c-57d7-4c16-bc65-82a6c4f6b25c","NMNH",113,NA,NA,NA,NA,NA,NA,NA,NA,NA,NA,NA,NA,NA,NA,NA,NA,NA,"Chiropteropsylla",NA,"unidentified",NA,NA,NA,"",NA,NA,NA,NA,NA,"specificEpithet flagged"
NA,NA,"Species Inventory","Insecta","Siphonaptera","Ischnopsyllidae","Hormopsylla unidentified",NA,NA,NA,NA,"Slide",NA,NA,NA,NA,NA,NA,NA,NA,NA,NA,NA,NA,1,"Reviewed, 2011, Submitted by F. Shockley, SI.",NA,NA,NA,NA,NA,NA,NA,2014-09-30 14:59:00,"http://n2t.net/ark:/65665/39fc1d9d7-169b-42f1-9443-172e21dad519","NMNH",114,NA,NA,NA,NA,NA,NA,NA,NA,NA,NA,NA,NA,NA,NA,NA,NA,NA,"Hormopsylla",NA,"unidentified",NA,NA,NA,"",NA,NA,NA,NA,NA,"specificEpithet flagged"
NA,NA,"Species Inventory","Insecta","Siphonaptera","Ischnopsyllidae","Lagaropsylla unidentified",NA,NA,NA,NA,"Slide",NA,NA,NA,NA,NA,NA,NA,NA,NA,NA,NA,NA,1193,"Reviewed, 2011, Submitted by F. Shockley, SI.",NA,NA,NA,NA,NA,NA,NA,2014-09-30 14:59:00,"http://n2t.net/ark:/65665/36b4c5b90-f714-45eb-8400-cfa93ce3a788","NMNH",127,NA,NA,NA,NA,NA,NA,NA,NA,NA,NA,NA,NA,NA,NA,NA,NA,NA,"Lagaropsylla",NA,"unidentified",NA,NA,NA,"",NA,NA,NA,NA,NA,"specificEpithet flagged"
NA,NA,"Species Inventory","Insecta","Siphonaptera","Hystrichopsyllidae","Doratopsylla unidentified",NA,NA,NA,NA,"Slide",NA,NA,NA,NA,NA,NA,NA,NA,NA,NA,NA,NA,1,"Reviewed, 2011, Submitted by F. Shockley, SI.",NA,NA,NA,NA,NA,NA,NA,2014-09-30 15:12:00,"http://n2t.net/ark:/65665/32bc455c7-f457-4193-8ab6-783f10aa9ba3","NMNH",159,NA,NA,NA,NA,NA,NA,NA,NA,NA,NA,NA,NA,NA,NA,NA,NA,NA,"Doratopsylla",NA,"unidentified",NA,NA,NA,"",NA,NA,NA,NA,NA,"specificEpithet flagged"
NA,NA,"Species Inventory","Insecta","Siphonaptera","Hystrichopsyllidae","Epitedia unidentified",NA,NA,NA,NA,"Slide",NA,NA,NA,NA,NA,NA,NA,NA,NA,NA,NA,NA,1,"Reviewed, 2011, Submitted by F. Shockley, SI.",NA,NA,NA,NA,NA,NA,NA,2014-09-30 15:12:00,"http://n2t.net/ark:/65665/31c8000e7-596e-4922-b6e5-c40dadd4bd7e","NMNH",163,NA,NA,NA,NA,NA,NA,NA,NA,NA,NA,NA,NA,NA,NA,NA,NA,NA,"Epitedia",NA,"unidentified",NA,NA,NA,"",NA,NA,NA,NA,NA,"specificEpithet flagged"
NA,NA,"Species Inventory","Insecta","Siphonaptera","Tungidae","Hectopsylla unidentified",NA,NA,NA,NA,"Slide",NA,NA,NA,NA,NA,NA,NA,NA,NA,NA,NA,NA,1,"Reviewed, 2011, Submitted by F. Shockley, SI.",NA,NA,NA,NA,NA,NA,NA,2014-09-30 15:24:00,"http://n2t.net/ark:/65665/31779f5c1-02b0-4ff0-9b40-21bb7ad5fdf7","NMNH",171,NA,NA,NA,NA,NA,NA,NA,NA,NA,NA,NA,NA,NA,NA,NA,NA,NA,"Hectopsylla",NA,"unidentified",NA,NA,NA,"",NA,NA,NA,NA,NA,"specificEpithet flagged"
NA,NA,"Species Inventory","Insecta","Siphonaptera","Tungidae","Rhynchopsyllus unidentified",NA,NA,NA,NA,"Slide",NA,NA,NA,NA,NA,NA,NA,NA,NA,NA,NA,NA,1,"Reviewed, 2011, Submitted by F. Shockley, SI.",NA,NA,NA,NA,NA,NA,NA,2014-09-30 15:24:00,"http://n2t.net/ark:/65665/357a4de86-c922-4d1d-8de8-4c28f2109352","NMNH",172,NA,NA,NA,NA,NA,NA,NA,NA,NA,NA,NA,NA,NA,NA,NA,NA,NA,"Rhynchopsyllus",NA,"unidentified",NA,NA,NA,"",NA,NA,NA,NA,NA,"specificEpithet flagged"
NA,NA,"Species Inventory","Insecta","Siphonaptera","Pulicidae","Ctenocephalides unidentified",NA,NA,NA,NA,"Slide","Afrotropical; Nearctic; Oriental; Palaearctic","Angola; Botswana; Burma; Egypt; Kenya; Madagascar; Senegal; South Africa; Tanzania; United States (Kansas); Zimbabwe",NA,NA,NA,NA,NA,NA,NA,NA,NA,NA,346,"Reviewed, 2011, Submitted by F. Shockley, SI.",NA,NA,NA,NA,NA,NA,NA,2016-11-07 20:18:00,"http://n2t.net/ark:/65665/3b9c57347-e23b-41f9-a537-2138a9933ea2","NMNH",186,NA,NA,NA,NA,NA,NA,NA,NA,NA,NA,NA,NA,NA,NA,NA,NA,NA,"Ctenocephalides",NA,"unidentified",NA,NA,NA,"",NA,NA,NA,NA,NA,"specificEpithet flagged"
NA,NA,"Species Inventory","Insecta","Siphonaptera","Stephanocircidae","Plocopsylla unidentified",NA,NA,NA,NA,"Slide","Neotropical","Argentina; Venezuela",NA,NA,NA,NA,NA,NA,NA,NA,NA,NA,5,"Reviewed, 2011, Submitted by F. Shockley, SI.",NA,NA,NA,NA,NA,NA,NA,2016-11-14 16:19:00,"http://n2t.net/ark:/65665/37103d7de-5115-4eeb-a2fb-432047f90e9c","NMNH",196,NA,NA,NA,NA,NA,NA,NA,NA,NA,NA,NA,NA,NA,NA,NA,NA,NA,"Plocopsylla",NA,"unidentified",NA,NA,NA,"",NA,NA,NA,NA,NA,"specificEpithet flagged"
NA,NA,"Species Inventory","Insecta","Siphonaptera","Malacopsyllidae","Malacopsylla unidentified",NA,NA,NA,NA,"Slide","Neotropical","Argentina",NA,NA,NA,NA,NA,NA,NA,NA,NA,NA,12,"Reviewed, 2011, Submitted by F. Shockley, SI.",NA,NA,NA,NA,NA,NA,NA,2016-11-14 18:39:00,"http://n2t.net/ark:/65665/34c063bf7-1191-41e3-9952-ccf94e10b009","NMNH",197,NA,NA,NA,NA,NA,NA,NA,NA,NA,NA,NA,NA,NA,NA,NA,NA,NA,"Malacopsylla",NA,"unidentified",NA,NA,NA,"",NA,NA,NA,NA,NA,"specificEpithet flagged"
NA,NA,"Species Inventory","Insecta","Siphonaptera","Rhopalopsyllidae","Parapsyllus unidentified",NA,NA,NA,NA,"Slide","Neotropical","Argentina",NA,NA,NA,NA,NA,NA,NA,NA,NA,NA,1,"Reviewed, 2011, Submitted by F. Shockley, SI.",NA,NA,NA,NA,NA,NA,NA,2016-11-14 18:39:00,"http://n2t.net/ark:/65665/3f3900275-7490-4ac6-85f1-30e5f5ba6b3c","NMNH",200,NA,NA,NA,NA,NA,NA,NA,NA,NA,NA,NA,NA,NA,NA,NA,NA,NA,"Parapsyllus",NA,"unidentified",NA,NA,NA,"",NA,NA,NA,NA,NA,"specificEpithet flagged"
NA,NA,"Species Inventory","Insecta","Siphonaptera","Rhopalopsyllidae","Polygenis (Polygenis) unidentified",NA,NA,NA,NA,"Slide","Neotropical","Argentina; Mexico; Trinidad; Venezuela",NA,NA,NA,NA,NA,NA,NA,NA,NA,NA,27,"Reviewed, 2011, Submitted by F. Shockley, SI.",NA,NA,NA,NA,NA,NA,NA,2016-11-14 16:19:00,"http://n2t.net/ark:/65665/3497efbf3-a731-46c0-9e5c-e069b8488fe1","NMNH",211,NA,NA,NA,NA,NA,NA,NA,NA,NA,NA,NA,NA,NA,NA,NA,NA,NA,"Polygenis","Polygenis","unidentified",NA,NA,NA,"",NA,NA,NA,NA,NA,"specificEpithet flagged"
NA,NA,"Species Inventory","Insecta","Siphonaptera","Pygiopsyllidae","Pygiopsylla unidentified",NA,NA,NA,NA,"Slide","Australasian","Australia; New Guinea",NA,NA,NA,NA,NA,NA,NA,NA,NA,NA,19,"Reviewed, 2011, Submitted by F. Shockley, SI.",NA,NA,NA,NA,NA,NA,NA,2016-12-22 16:10:00,"http://n2t.net/ark:/65665/3132946e7-b1c8-4b27-ab21-309e04584a44","NMNH",239,NA,NA,NA,NA,NA,NA,NA,NA,NA,NA,NA,NA,NA,NA,NA,NA,NA,"Pygiopsylla",NA,"unidentified",NA,NA,NA,"",NA,NA,NA,NA,NA,"specificEpithet flagged"
NA,NA,"Species Inventory","Insecta","Siphonaptera","Chimaeropsyllidae","Chiastopsylla unidentified",NA,NA,NA,NA,"Slide","Afrotropical","Botswana; South Africa",NA,NA,NA,NA,NA,NA,NA,NA,NA,NA,4,"Reviewed, 2011, Submitted by F. Shockley, SI.",NA,NA,NA,NA,NA,NA,NA,2016-11-14 16:21:00,"http://n2t.net/ark:/65665/37dd57c17-f9ed-4874-b6b6-6642889931a4","NMNH",249,NA,NA,NA,NA,NA,NA,NA,NA,NA,NA,NA,NA,NA,NA,NA,NA,NA,"Chiastopsylla",NA,"unidentified",NA,NA,NA,"",NA,NA,NA,NA,NA,"specificEpithet flagged"
NA,NA,"Species Inventory","Insecta","Siphonaptera","Chimaeropsyllidae","Epirimia unidentified",NA,NA,NA,NA,"Slide","Afrotropical","Botswana; South Africa",NA,NA,NA,NA,NA,NA,NA,NA,NA,NA,9,"Reviewed, 2011, Submitted by F. Shockley, SI.",NA,NA,NA,NA,NA,NA,NA,2016-11-14 16:21:00,"http://n2t.net/ark:/65665/3d36f4b83-0cb8-47bb-a0dc-52a06ff1d1e3","NMNH",250,NA,NA,NA,NA,NA,NA,NA,NA,NA,NA,NA,NA,NA,NA,NA,NA,NA,"Epirimia",NA,"unidentified",NA,NA,NA,"",NA,NA,NA,NA,NA,"specificEpithet flagged"
NA,NA,"Species Inventory","Insecta","Siphonaptera","Hystrichopsyllidae","Dinopsyllus (Dinopsyllus) unidentified",NA,NA,NA,NA,"Slide","Afrotropical","Botswana; South Africa; Zimbabwe",NA,NA,NA,NA,NA,NA,NA,NA,NA,NA,13,"Reviewed, 2011, Submitted by F. Shockley, SI.",NA,NA,NA,NA,NA,NA,NA,2016-11-14 16:20:00,"http://n2t.net/ark:/65665/3342992b2-0d4e-44e2-9d4f-3ea4e084db3c","NMNH",251,NA,NA,NA,NA,NA,NA,NA,NA,NA,NA,NA,NA,NA,NA,NA,NA,NA,"Dinopsyllus","Dinopsyllus","unidentified",NA,NA,NA,"",NA,NA,NA,NA,NA,"specificEpithet flagged"
NA,NA,"Species Inventory","Insecta","Siphonaptera","Hystrichopsyllidae","Listropsylla unidentified",NA,NA,NA,NA,"Slide","Afrotropical","Botswana; South Africa; Zimbabwe",NA,NA,NA,NA,NA,NA,NA,NA,NA,NA,109,"Reviewed, 2011, Submitted by F. Shockley, SI.",NA,NA,NA,NA,NA,NA,NA,2016-11-14 16:20:00,"http://n2t.net/ark:/65665/35b3c1d21-949b-497e-9dfe-f48417b89330","NMNH",255,NA,NA,NA,NA,NA,NA,NA,NA,NA,NA,NA,NA,NA,NA,NA,NA,NA,"Listropsylla",NA,"unidentified",NA,NA,NA,"",NA,NA,NA,NA,NA,"specificEpithet flagged"
NA,NA,"Species Inventory","Insecta","Siphonaptera","Pulicidae","Echidnophaga unidentified",NA,NA,NA,NA,"Slide","Afrotropical","Botswana",NA,NA,NA,NA,NA,NA,NA,NA,NA,NA,8,"Reviewed, 2011, Submitted by F. Shockley, SI.",NA,NA,NA,NA,NA,NA,NA,2017-01-04 16:10:00,"http://n2t.net/ark:/65665/322bffd7f-ac3e-4f74-a45d-d412910d872c","NMNH",260,NA,NA,NA,NA,NA,NA,NA,NA,NA,NA,NA,NA,NA,NA,NA,NA,NA,"Echidnophaga",NA,"unidentified",NA,NA,NA,"",NA,NA,NA,NA,NA,"specificEpithet flagged"
NA,NA,"Species Inventory","Insecta","Siphonaptera","Pulicidae","Procaviopsylla unidentified",NA,NA,NA,NA,"Slide","Afrotropical","Botswana; Namibia; South Africa",NA,NA,NA,NA,NA,NA,NA,NA,NA,NA,51,"Reviewed, 2011, Submitted by F. Shockley, SI.",NA,NA,NA,NA,NA,NA,NA,2016-11-14 16:20:00,"http://n2t.net/ark:/65665/3adf24810-0584-42d7-bbba-c91438120c3c","NMNH",263,NA,NA,NA,NA,NA,NA,NA,NA,NA,NA,NA,NA,NA,NA,NA,NA,NA,"Procaviopsylla",NA,"unidentified",NA,NA,NA,"",NA,NA,NA,NA,NA,"specificEpithet flagged"
NA,NA,"Species Inventory","Insecta","Siphonaptera","Pulicidae","Synosternus unidentified",NA,NA,NA,NA,"Slide","Afrotropical","Botswana; Ghana; Mauritania; Saudi Arabia",NA,NA,NA,NA,NA,NA,NA,NA,NA,NA,242,"Reviewed, 2011, Submitted by F. Shockley, SI.",NA,NA,NA,NA,NA,NA,NA,2016-12-02 21:01:00,"http://n2t.net/ark:/65665/34339f4f2-0fc9-4c05-9251-5223b4d0019e","NMNH",265,NA,NA,NA,NA,NA,NA,NA,NA,NA,NA,NA,NA,NA,NA,NA,NA,NA,"Synosternus",NA,"unidentified",NA,NA,NA,"",NA,NA,NA,NA,NA,"specificEpithet flagged"
NA,NA,"Species Inventory","Insecta","Siphonaptera","Pulicidae","Pulex (Pulex) unidentified",NA,NA,NA,NA,"Slide","Nearctic; Neotropical; Palaearctic","Brazil; Netherlands; United States (Arkansas)",NA,NA,NA,NA,NA,NA,NA,NA,NA,NA,31,"Reviewed, 2011, Submitted by F. Shockley, SI.",NA,NA,NA,NA,NA,NA,NA,2016-11-07 20:18:00,"http://n2t.net/ark:/65665/3b8d08e65-472c-45a2-9113-c1a9c80cc0c0","NMNH",287,NA,NA,NA,NA,NA,NA,NA,NA,NA,NA,NA,NA,NA,NA,NA,NA,NA,"Pulex","Pulex","unidentified",NA,NA,NA,"",NA,NA,NA,NA,NA,"specificEpithet flagged"
NA,NA,"Species Inventory","Insecta","Siphonaptera","Ceratophyllidae","Pleochaetis unidentified",NA,NA,NA,NA,"Slide","Nearctic","Canada (Ontario); United States (Kansas)",NA,NA,NA,NA,NA,NA,NA,NA,NA,NA,2,"Reviewed, 2011, Submitted by F. Shockley, SI.",NA,NA,NA,NA,NA,NA,NA,2016-11-07 20:20:00,"http://n2t.net/ark:/65665/3bf156ee0-fe62-4887-bd50-ffec826d13a0","NMNH",320,NA,NA,NA,NA,NA,NA,NA,NA,NA,NA,NA,NA,NA,NA,NA,NA,NA,"Pleochaetis",NA,"unidentified",NA,NA,NA,"",NA,NA,NA,NA,NA,"specificEpithet flagged"
NA,NA,"Species Inventory","Insecta","Siphonaptera","Ceratophyllidae","Orchopeas unidentified",NA,NA,NA,NA,"Slide","Nearctic","Canada (Alberta, British Columbia); United States (California, Colorado, Florida, Kansas, Maine, Maryland, Massachusetts, Montana, New York, Oregon, South Carolina)",NA,NA,NA,NA,NA,NA,NA,NA,NA,NA,28,"Reviewed, 2011, Submitted by F. Shockley, SI.",NA,NA,NA,NA,NA,NA,NA,2016-11-07 20:20:00,"http://n2t.net/ark:/65665/3ac70ae7a-a99e-4072-b9f1-f15b2fd4d388","NMNH",324,NA,NA,NA,NA,NA,NA,NA,NA,NA,NA,NA,NA,NA,NA,NA,NA,NA,"Orchopeas",NA,"unidentified",NA,NA,NA,"",NA,NA,NA,NA,NA,"specificEpithet flagged"
NA,NA,"Species Inventory","Insecta","Siphonaptera","Hystrichopsyllidae","Megarthroglossus unidentified",NA,NA,NA,NA,"Slide","Nearctic","Canada (Alberta); United States (Colorado, Montana)",NA,NA,NA,NA,NA,NA,NA,NA,NA,NA,45,"Reviewed, 2011, Submitted by F. Shockley, SI.",NA,NA,NA,NA,NA,NA,NA,2016-11-07 20:17:00,"http://n2t.net/ark:/65665/38832e699-011c-4ae2-8298-958f2af0e167","NMNH",355,NA,NA,NA,NA,NA,NA,NA,NA,NA,NA,NA,NA,NA,NA,NA,NA,NA,"Megarthroglossus",NA,"unidentified",NA,NA,NA,"",NA,NA,NA,NA,NA,"specificEpithet flagged"
NA,NA,"Species Inventory","Insecta","Siphonaptera","Hystrichopsyllidae","Neopsylla unidentified",NA,NA,NA,NA,"Slide","Nearctic; Palaearctic","China; United States (Idaho, Montana, North Dakota, Oregon, Wyoming)",NA,NA,NA,NA,NA,NA,NA,NA,NA,NA,51,"Reviewed, 2011, Submitted by F. Shockley, SI.",NA,NA,NA,NA,NA,NA,NA,2016-11-07 20:21:00,"http://n2t.net/ark:/65665/384820506-1e2c-4738-9ce6-97a3e5ab7bde","NMNH",373,NA,NA,NA,NA,NA,NA,NA,NA,NA,NA,NA,NA,NA,NA,NA,NA,NA,"Neopsylla",NA,"unidentified",NA,NA,NA,"",NA,NA,NA,NA,NA,"specificEpithet flagged"
NA,NA,"Species Inventory","Insecta","Siphonaptera","Rhopalopsyllidae","Rhopalopsyllus unidentified",NA,NA,NA,NA,"Slide","Nearctic; Neotropical","Colombia; Mexico; Panama; United States (Texas)",NA,NA,NA,NA,NA,NA,NA,NA,NA,NA,17,"Reviewed, 2011, Submitted by F. Shockley, SI.",NA,NA,NA,NA,NA,NA,NA,2020-01-09 21:55:00,"http://n2t.net/ark:/65665/34a7ea3e0-0850-474f-9825-43a686e0d80e","NMNH",379,NA,NA,NA,NA,NA,NA,NA,NA,NA,NA,NA,NA,NA,NA,NA,NA,NA,"Rhopalopsyllus",NA,"unidentified",NA,NA,NA,"",NA,NA,NA,NA,NA,"specificEpithet flagged"
NA,NA,"Species Inventory","Insecta","Siphonaptera","Hystrichopsyllidae","Ctenophthalmus unidentified",NA,NA,NA,NA,"Slide","Afrotropical; Neotropical; Palaearctic","Congo; Denmark (Iceland); Germany; Korea; Mexico; Rwanda",NA,NA,NA,NA,NA,NA,NA,NA,NA,NA,9,"Reviewed, 2011, Submitted by F. Shockley, SI.",NA,NA,NA,NA,NA,NA,NA,2016-11-14 16:26:00,"http://n2t.net/ark:/65665/38da3cc12-cec6-4483-bc52-336be8476789","NMNH",385,NA,NA,NA,NA,NA,NA,NA,NA,NA,NA,NA,NA,NA,NA,NA,NA,NA,"Ctenophthalmus",NA,"unidentified",NA,NA,NA,"",NA,NA,NA,NA,NA,"specificEpithet flagged"
NA,NA,"Species Inventory","Insecta","Siphonaptera","Leptopsyllidae","Mesopsylla unidentified",NA,NA,NA,NA,"Slide","Afrotropical","Egypt",NA,NA,NA,NA,NA,NA,NA,NA,NA,NA,1,"Reviewed, 2011, Submitted by F. Shockley, SI.",NA,NA,NA,NA,NA,NA,NA,2016-12-29 17:42:00,"http://n2t.net/ark:/65665/3d21291b9-0ea8-41b4-9f6c-a74e51364cd8","NMNH",401,NA,NA,NA,NA,NA,NA,NA,NA,NA,NA,NA,NA,NA,NA,NA,NA,NA,"Mesopsylla",NA,"unidentified",NA,NA,NA,"",NA,NA,NA,NA,NA,"specificEpithet flagged"
NA,NA,"Species Inventory","Insecta","Siphonaptera","Hystrichopsyllidae","Stenoponia unidentified",NA,NA,NA,NA,"Slide","Afrotropical; Nearctic; Palaearctic","Egypt; United States (Virginia); Zimbabwe",NA,NA,NA,NA,NA,NA,NA,NA,NA,NA,3,"Reviewed, 2011, Submitted by F. Shockley, SI.",NA,NA,NA,NA,NA,NA,NA,2016-11-07 20:18:00,"http://n2t.net/ark:/65665/38f477918-4834-437f-bfc3-126a606a9696","NMNH",403,NA,NA,NA,NA,NA,NA,NA,NA,NA,NA,NA,NA,NA,NA,NA,NA,NA,"Stenoponia",NA,"unidentified",NA,NA,NA,"",NA,NA,NA,NA,NA,"specificEpithet flagged"
NA,NA,"Species Inventory","Insecta","Siphonaptera","Pulicidae","Xenopsylla unidentified",NA,NA,NA,NA,"Slide","Afrotropical; Oriental; Palaearctic","Egypt; Ivory Coast; Namibia; South Africa; South Vietnam",NA,NA,NA,NA,NA,NA,NA,NA,NA,NA,14,"Reviewed, 2011, Submitted by F. Shockley, SI.",NA,NA,NA,NA,NA,NA,NA,2016-11-14 16:20:00,"http://n2t.net/ark:/65665/330e4cf38-fa1c-4ff3-ba95-3e8a76e5861c","NMNH",411,NA,NA,NA,NA,NA,NA,NA,NA,NA,NA,NA,NA,NA,NA,NA,NA,NA,"Xenopsylla",NA,"unidentified",NA,NA,NA,"",NA,NA,NA,NA,NA,"specificEpithet flagged"
NA,NA,"Species Inventory","Insecta","Siphonaptera","Ceratophyllidae","Citellophilus unidentified",NA,NA,NA,NA,"Slide","Palaearctic","Germany",NA,NA,NA,NA,NA,NA,NA,NA,NA,NA,1,"Reviewed, 2011, Submitted by F. Shockley, SI.",NA,NA,NA,NA,NA,NA,NA,2016-11-14 16:17:00,"http://n2t.net/ark:/65665/3f56c3cb9-328a-4430-85a4-a727026968b4","NMNH",435,NA,NA,NA,NA,NA,NA,NA,NA,NA,NA,NA,NA,NA,NA,NA,NA,NA,"Citellophilus",NA,"unidentified",NA,NA,NA,"",NA,NA,NA,NA,NA,"specificEpithet flagged"
NA,NA,"Species Inventory","Insecta","Siphonaptera","Hystrichopsyllidae","Palaeopsylla unidentified",NA,NA,NA,NA,"Slide","Palaearctic","Germany",NA,NA,NA,NA,NA,NA,NA,NA,NA,NA,1,"Reviewed, 2011, Submitted by F. Shockley, SI.",NA,NA,NA,NA,NA,NA,NA,2016-11-14 16:17:00,"http://n2t.net/ark:/65665/38d84b346-b637-4a6d-9199-848f2cea8466","NMNH",437,NA,NA,NA,NA,NA,NA,NA,NA,NA,NA,NA,NA,NA,NA,NA,NA,NA,"Palaeopsylla",NA,"unidentified",NA,NA,NA,"",NA,NA,NA,NA,NA,"specificEpithet flagged"
NA,NA,"Species Inventory","Insecta","Siphonaptera","Ceratophyllidae","Nosopsyllus (Gerbillophilus) unidentified",NA,NA,NA,NA,"Slide","Palaearctic","Iran",NA,NA,NA,NA,NA,NA,NA,NA,NA,NA,1,"Reviewed, 2011, Submitted by F. Shockley, SI.",NA,NA,NA,NA,NA,NA,NA,2017-01-03 17:31:00,"http://n2t.net/ark:/65665/30486e6eb-778d-4671-8b84-e0052f030f59","NMNH",482,NA,NA,NA,NA,NA,NA,NA,NA,NA,NA,NA,NA,NA,NA,NA,NA,NA,"Nosopsyllus","Gerbillophilus","unidentified",NA,NA,NA,"",NA,NA,NA,NA,NA,"specificEpithet flagged"
NA,NA,"Species Inventory","Insecta","Siphonaptera","Ceratophyllidae","Ceratophyllus unidentified",NA,NA,NA,NA,"Slide","Afrotropical; Nearctic; Neotropical; Palaearctic","Italy; Mexico; Senegal; Siberia; United States (Idaho, Michigan, Minnesota, Montana, Oklahoma, Oregon, Texas, Washington, Wyoming)",NA,NA,NA,NA,NA,NA,NA,NA,NA,NA,118,"Reviewed, 2011, Submitted by F. Shockley, SI.",NA,NA,NA,NA,NA,NA,NA,2016-11-07 20:19:00,"http://n2t.net/ark:/65665/317f43588-aedb-4f69-8ab8-cb5d5b01ca10","NMNH",500,NA,NA,NA,NA,NA,NA,NA,NA,NA,NA,NA,NA,NA,NA,NA,NA,NA,"Ceratophyllus",NA,"unidentified",NA,NA,NA,"",NA,NA,NA,NA,NA,"specificEpithet flagged"
NA,NA,"Species Inventory","Insecta","Siphonaptera","Ischnopsyllidae","Myodopsylla unidentified",NA,NA,NA,NA,"Slide","Nearctic; Neotropical; Palaearctic","Korea; Mexico; United States (Arizona, California, Texas)",NA,NA,NA,NA,NA,NA,NA,NA,NA,NA,37,"Reviewed, 2011, Submitted by F. Shockley, SI.",NA,NA,NA,NA,NA,NA,NA,2016-11-07 20:21:00,"http://n2t.net/ark:/65665/39eab9587-e2d4-462b-a81a-c20d6fae460e","NMNH",523,NA,NA,NA,NA,NA,NA,NA,NA,NA,NA,NA,NA,NA,NA,NA,NA,NA,"Myodopsylla",NA,"unidentified",NA,NA,NA,"",NA,NA,NA,NA,NA,"specificEpithet flagged"
NA,NA,"Species Inventory","Insecta","Siphonaptera","Hystrichopsyllidae","Meringis unidentified",NA,NA,NA,NA,"Slide","Nearctic; Neotropical","Mexico; United States (California, Idaho, Montana, New Mexico, Oregon, Utah, Washington)",NA,NA,NA,NA,NA,NA,NA,NA,NA,NA,82,"Reviewed, 2011, Submitted by F. Shockley, SI.",NA,NA,NA,NA,NA,NA,NA,2016-11-07 20:21:00,"http://n2t.net/ark:/65665/33bf8ff48-fa85-4f65-95c9-5ed34f6bda21","NMNH",583,NA,NA,NA,NA,NA,NA,NA,NA,NA,NA,NA,NA,NA,NA,NA,NA,NA,"Meringis",NA,"unidentified",NA,NA,NA,"",NA,NA,NA,NA,NA,"specificEpithet flagged"
NA,NA,"Species Inventory","Insecta","Siphonaptera","Hystrichopsyllidae","Strepsylla unidentified",NA,NA,NA,NA,"Slide","Neotropical","Mexico",NA,NA,NA,NA,NA,NA,NA,NA,NA,NA,1,"Reviewed, 2011, Submitted by F. Shockley, SI.",NA,NA,NA,NA,NA,NA,NA,2016-11-23 19:17:00,"http://n2t.net/ark:/65665/3f2f84827-1524-426d-ad08-977c776aec20","NMNH",599,NA,NA,NA,NA,NA,NA,NA,NA,NA,NA,NA,NA,NA,NA,NA,NA,NA,"Strepsylla",NA,"unidentified",NA,NA,NA,"",NA,NA,NA,NA,NA,"specificEpithet flagged"
NA,NA,"Species Inventory","Insecta","Siphonaptera","Hystrichopsyllidae","Dinopsyllus (Dinopsyllus) unidentified",NA,NA,NA,NA,"Slide","Afrotropical","Mozambique",NA,NA,NA,NA,NA,NA,NA,NA,NA,NA,2,"Reviewed, 2011, Submitted by F. Shockley, SI.",NA,NA,NA,NA,NA,NA,NA,2016-12-23 16:40:00,"http://n2t.net/ark:/65665/3dec0bbd5-2eea-4bc4-9d05-5aa77e0844aa","NMNH",624,NA,NA,NA,NA,NA,NA,NA,NA,NA,NA,NA,NA,NA,NA,NA,NA,NA,"Dinopsyllus","Dinopsyllus","unidentified",NA,NA,NA,"",NA,NA,NA,NA,NA,"specificEpithet flagged"
NA,NA,"Species Inventory","Insecta","Siphonaptera","Stivaliidae","Lentistivalius unidentified",NA,NA,NA,NA,"Slide","Afrotropical","Mozambique",NA,NA,NA,NA,NA,NA,NA,NA,NA,NA,1,"Reviewed, 2011, Submitted by F. Shockley, SI.",NA,NA,NA,NA,NA,NA,NA,2016-12-23 16:40:00,"http://n2t.net/ark:/65665/3400d063e-e987-452a-8219-68a520a5a018","NMNH",629,NA,NA,NA,NA,NA,NA,NA,NA,NA,NA,NA,NA,NA,NA,NA,NA,NA,"Lentistivalius",NA,"unidentified",NA,NA,NA,"",NA,NA,NA,NA,NA,"specificEpithet flagged"
NA,NA,"Species Inventory","Insecta","Siphonaptera","Stivaliidae","Papuapsylla unidentified",NA,NA,NA,NA,"Slide","Australasian","New Guinea",NA,NA,NA,NA,NA,NA,NA,NA,NA,NA,3,"Reviewed, 2011, Submitted by F. Shockley, SI.",NA,NA,NA,NA,NA,NA,NA,2017-01-03 20:40:00,"http://n2t.net/ark:/65665/3aa084bc7-f423-45b5-bd0f-3d6a784e376b","NMNH",671,NA,NA,NA,NA,NA,NA,NA,NA,NA,NA,NA,NA,NA,NA,NA,NA,NA,"Papuapsylla",NA,"unidentified",NA,NA,NA,"",NA,NA,NA,NA,NA,"specificEpithet flagged"
NA,NA,"Species Inventory","Insecta","Siphonaptera","Stivaliidae","Rectidigitus unidentified",NA,NA,NA,NA,"Slide","Australasian","New Guinea",NA,NA,NA,NA,NA,NA,NA,NA,NA,NA,1,"Reviewed, 2011, Submitted by F. Shockley, SI.",NA,NA,NA,NA,NA,NA,NA,2017-01-03 20:40:00,"http://n2t.net/ark:/65665/394f793ba-6e5f-4697-84fe-5cb5fbc54229","NMNH",674,NA,NA,NA,NA,NA,NA,NA,NA,NA,NA,NA,NA,NA,NA,NA,NA,NA,"Rectidigitus",NA,"unidentified",NA,NA,NA,"",NA,NA,NA,NA,NA,"specificEpithet flagged"
NA,NA,"Species Inventory","Insecta","Siphonaptera","Leptopsyllidae","Frontopsylla (Frontopsylla) unidentified",NA,NA,NA,NA,"Slide","Palaearctic","Pakistan",NA,NA,NA,NA,NA,NA,NA,NA,NA,NA,1,"Reviewed, 2011, Submitted by F. Shockley, SI.",NA,NA,NA,NA,NA,NA,NA,2016-11-18 20:43:00,"http://n2t.net/ark:/65665/3abc02d6e-3a4e-477f-a166-c9041438ac14","NMNH",692,NA,NA,NA,NA,NA,NA,NA,NA,NA,NA,NA,NA,NA,NA,NA,NA,NA,"Frontopsylla","Frontopsylla","unidentified",NA,NA,NA,"",NA,NA,NA,NA,NA,"specificEpithet flagged"
NA,NA,"Species Inventory","Insecta","Siphonaptera","Stivaliidae","Orthopsylloides unidentified",NA,NA,NA,NA,"Slide","Australasian","Papau New Guinea",NA,NA,NA,NA,NA,NA,NA,NA,NA,NA,5,"Reviewed, 2011, Submitted by F. Shockley, SI.",NA,NA,NA,NA,NA,NA,NA,2017-01-03 20:40:00,"http://n2t.net/ark:/65665/3fd818169-cbd7-4c61-9816-2c5ecc29cc36","NMNH",718,NA,NA,NA,NA,NA,NA,NA,NA,NA,NA,NA,NA,NA,NA,NA,NA,NA,"Orthopsylloides",NA,"unidentified",NA,NA,NA,"",NA,NA,NA,NA,NA,"specificEpithet flagged"
NA,NA,"Species Inventory","Insecta","Siphonaptera","Stephanocircidae","Craneopsylla unidentified",NA,NA,NA,NA,"Slide","Neotropical","Peru",NA,NA,NA,NA,NA,NA,NA,NA,NA,NA,2,"Reviewed, 2011, Submitted by F. Shockley, SI.",NA,NA,NA,NA,NA,NA,NA,2016-11-23 19:04:00,"http://n2t.net/ark:/65665/38cd3023f-9745-4474-85ff-b449c1d2769f","NMNH",729,NA,NA,NA,NA,NA,NA,NA,NA,NA,NA,NA,NA,NA,NA,NA,NA,NA,"Craneopsylla",NA,"unidentified",NA,NA,NA,"",NA,NA,NA,NA,NA,"specificEpithet flagged"
NA,NA,"Species Inventory","Insecta","Siphonaptera","Stivaliidae","Stivalius unidentified",NA,NA,NA,NA,"Slide","Oriental","Philippines",NA,NA,NA,NA,NA,NA,NA,NA,NA,NA,26,"Reviewed, 2011, Submitted by F. Shockley, SI.",NA,NA,NA,NA,NA,NA,NA,2016-12-15 16:06:00,"http://n2t.net/ark:/65665/3588032f2-c4cc-4aae-9651-27f7e4030126","NMNH",737,NA,NA,NA,NA,NA,NA,NA,NA,NA,NA,NA,NA,NA,NA,NA,NA,NA,"Stivalius",NA,"unidentified",NA,NA,NA,"",NA,NA,NA,NA,NA,"specificEpithet flagged"
NA,NA,"Species Inventory","Insecta","Siphonaptera","Chimaeropsyllidae","Demeillonia unidentified",NA,NA,NA,NA,"Slide","Afrotropical","South Africa",NA,NA,NA,NA,NA,NA,NA,NA,NA,NA,116,"Reviewed, 2011, Submitted by F. Shockley, SI.",NA,NA,NA,NA,NA,NA,NA,2016-11-14 16:21:00,"http://n2t.net/ark:/65665/344a039e6-9a9d-4309-8623-bd016a26e221","NMNH",768,NA,NA,NA,NA,NA,NA,NA,NA,NA,NA,NA,NA,NA,NA,NA,NA,NA,"Demeillonia",NA,"unidentified",NA,NA,NA,"",NA,NA,NA,NA,NA,"specificEpithet flagged"
NA,NA,"Species Inventory","Insecta","Siphonaptera","Chimaeropsyllidae","Praopsylla unidentified",NA,NA,NA,NA,"Slide","Afrotropical","South Africa",NA,NA,NA,NA,NA,NA,NA,NA,NA,NA,30,"Reviewed, 2011, Submitted by F. Shockley, SI.",NA,NA,NA,NA,NA,NA,NA,2016-11-14 16:21:00,"http://n2t.net/ark:/65665/3ed06aad2-7d14-4721-9fef-440d1a48e337","NMNH",773,NA,NA,NA,NA,NA,NA,NA,NA,NA,NA,NA,NA,NA,NA,NA,NA,NA,"Praopsylla",NA,"unidentified",NA,NA,NA,"",NA,NA,NA,NA,NA,"specificEpithet flagged"
NA,NA,"Species Inventory","Insecta","Siphonaptera","Pulicidae","Pariodontis unidentified",NA,NA,NA,NA,"Slide","Afrotropical","South Africa",NA,NA,NA,NA,NA,NA,NA,NA,NA,NA,73,"Reviewed, 2011, Submitted by F. Shockley, SI.",NA,NA,NA,NA,NA,NA,NA,2016-11-14 16:20:00,"http://n2t.net/ark:/65665/33fa7a251-a5dd-40e1-baf3-6dd411cbd470","NMNH",784,NA,NA,NA,NA,NA,NA,NA,NA,NA,NA,NA,NA,NA,NA,NA,NA,NA,"Pariodontis",NA,"unidentified",NA,NA,NA,"",NA,NA,NA,NA,NA,"specificEpithet flagged"
NA,NA,"Species Inventory","Insecta","Siphonaptera","Pulicidae","Pulex (Pulex) unidentified",NA,NA,NA,NA,"Slide","Nearctic; Palaearctic","Turkey; United States (Florida, Nebraska, Puerto Rico, South Carolina, Texas)",NA,NA,NA,NA,NA,NA,NA,NA,NA,NA,9,"Reviewed, 2011, Submitted by F. Shockley, SI.",NA,NA,NA,NA,NA,NA,NA,2016-11-07 20:18:00,"http://n2t.net/ark:/65665/3c55a05d6-55da-4018-b1e0-dff065c5a115","NMNH",831,NA,NA,NA,NA,NA,NA,NA,NA,NA,NA,NA,NA,NA,NA,NA,NA,NA,"Pulex","Pulex","unidentified",NA,NA,NA,"",NA,NA,NA,NA,NA,"specificEpithet flagged"
NA,NA,"Species Inventory","Insecta","Siphonaptera","Ceratophyllidae","Kohlsia unidentified",NA,NA,NA,NA,"Slide","Nearctic","United States (California)",NA,NA,NA,NA,NA,NA,NA,NA,NA,NA,1,"Reviewed, 2011, Submitted by F. Shockley, SI.",NA,NA,NA,NA,NA,NA,NA,2016-11-07 20:19:00,"http://n2t.net/ark:/65665/34c68b96e-024a-4fda-854f-c95f08f037f4","NMNH",901,NA,NA,NA,NA,NA,NA,NA,NA,NA,NA,NA,NA,NA,NA,NA,NA,NA,"Kohlsia",NA,"unidentified",NA,NA,NA,"",NA,NA,NA,NA,NA,"specificEpithet flagged"
NA,NA,"Species Inventory","Insecta","Siphonaptera","Ceratophyllidae","Dactylopsylla unidentified",NA,NA,NA,NA,"Slide","Nearctic","United States (California, Montana)",NA,NA,NA,NA,NA,NA,NA,NA,NA,NA,19,"Reviewed, 2011, Submitted by F. Shockley, SI.",NA,NA,NA,NA,NA,NA,NA,2016-11-07 20:19:00,"http://n2t.net/ark:/65665/37426043c-5b0c-434c-96ae-eedd82a8b27f","NMNH",907,NA,NA,NA,NA,NA,NA,NA,NA,NA,NA,NA,NA,NA,NA,NA,NA,NA,"Dactylopsylla",NA,"unidentified",NA,NA,NA,"",NA,NA,NA,NA,NA,"specificEpithet flagged"
NA,NA,"Species Inventory","Insecta","Siphonaptera","Ceratophyllidae","Foxella unidentified",NA,NA,NA,NA,"Slide","Nearctic","United States (Montana, Washington)",NA,NA,NA,NA,NA,NA,NA,NA,NA,NA,9,"Reviewed, 2011, Submitted by F. Shockley, SI.",NA,NA,NA,NA,NA,NA,NA,2016-11-07 20:19:00,"http://n2t.net/ark:/65665/340f762de-be58-4797-b362-7c4633b4af1f","NMNH",917,NA,NA,NA,NA,NA,NA,NA,NA,NA,NA,NA,NA,NA,NA,NA,NA,NA,"Foxella",NA,"unidentified",NA,NA,NA,"",NA,NA,NA,NA,NA,"specificEpithet flagged"
NA,NA,"Species Inventory","Insecta","Siphonaptera","Ceratophyllidae","Malaraeus unidentified",NA,NA,NA,NA,"Slide","Nearctic","United States (Montana)",NA,NA,NA,NA,NA,NA,NA,NA,NA,NA,1,"Reviewed, 2011, Submitted by F. Shockley, SI.",NA,NA,NA,NA,NA,NA,NA,2016-11-07 20:19:00,"http://n2t.net/ark:/65665/33240c1a0-b946-42bc-9836-fe957faa0924","NMNH",920,NA,NA,NA,NA,NA,NA,NA,NA,NA,NA,NA,NA,NA,NA,NA,NA,NA,"Malaraeus",NA,"unidentified",NA,NA,NA,"",NA,NA,NA,NA,NA,"specificEpithet flagged"
NA,NA,"Species Inventory","Insecta","Siphonaptera","Ceratophyllidae","Opisodasys unidentified",NA,NA,NA,NA,"Slide","Nearctic","United States (California, Montana, Nevada, Texas, Utah, Washington, Wyoming)",NA,NA,NA,NA,NA,NA,NA,NA,NA,NA,121,"Reviewed, 2011, Submitted by F. Shockley, SI.",NA,NA,NA,NA,NA,NA,NA,2016-11-07 20:20:00,"http://n2t.net/ark:/65665/39e934fea-b8a1-4978-8e11-e1ff111dda1f","NMNH",922,NA,NA,NA,NA,NA,NA,NA,NA,NA,NA,NA,NA,NA,NA,NA,NA,NA,"Opisodasys",NA,"unidentified",NA,NA,NA,"",NA,NA,NA,NA,NA,"specificEpithet flagged"
NA,NA,"Species Inventory","Insecta","Siphonaptera","Ceratophyllidae","Oropsylla (Diamanus) unidentified",NA,NA,NA,NA,"Slide","Nearctic","United States (Arizona, California, Colorado, Florida, Nevada, New Mexico, Oregon, Texas, Utah, Wyoming)",NA,NA,NA,NA,NA,NA,NA,NA,NA,NA,77,"Reviewed, 2011, Submitted by F. Shockley, SI.",NA,NA,NA,NA,NA,NA,NA,2016-11-07 20:20:00,"http://n2t.net/ark:/65665/36b8f5be3-9d8f-42f6-86bf-d6710585548e","NMNH",933,NA,NA,NA,NA,NA,NA,NA,NA,NA,NA,NA,NA,NA,NA,NA,NA,NA,"Oropsylla","Diamanus","unidentified",NA,NA,NA,"",NA,NA,NA,NA,NA,"specificEpithet flagged"
NA,NA,"Species Inventory","Insecta","Siphonaptera","Ceratophyllidae","Oropsylla (Opisocrostis) unidentified",NA,NA,NA,NA,"Slide","Nearctic","United States (Arizona, Colorado, Idaho, Kansas, Montana, Nebraska, New Mexico, North Dakota, Oklahoma, Oregon, South Dakota, Texas, Utah, Washington, Wyoming)",NA,NA,NA,NA,NA,NA,NA,NA,NA,NA,574,"Reviewed, 2011, Submitted by F. Shockley, SI.",NA,NA,NA,NA,NA,NA,NA,2016-11-07 20:20:00,"http://n2t.net/ark:/65665/39e52f876-0ae4-42e4-9fdc-0e134b79357c","NMNH",937,NA,NA,NA,NA,NA,NA,NA,NA,NA,NA,NA,NA,NA,NA,NA,NA,NA,"Oropsylla","Opisocrostis","unidentified",NA,NA,NA,"",NA,NA,NA,NA,NA,"specificEpithet flagged"
NA,NA,"Species Inventory","Insecta","Siphonaptera","Ceratophyllidae","Thrassis unidentified",NA,NA,NA,NA,"Slide","Nearctic","United States (Montana)",NA,NA,NA,NA,NA,NA,NA,NA,NA,NA,4,"Reviewed, 2011, Submitted by F. Shockley, SI.",NA,NA,NA,NA,NA,NA,NA,2016-11-07 20:21:00,"http://n2t.net/ark:/65665/38b1f5c41-1a81-478a-9666-5a6bd3cecf02","NMNH",946,NA,NA,NA,NA,NA,NA,NA,NA,NA,NA,NA,NA,NA,NA,NA,NA,NA,"Thrassis",NA,"unidentified",NA,NA,NA,"",NA,NA,NA,NA,NA,"specificEpithet flagged"
NA,NA,"Species Inventory","Insecta","Siphonaptera","Leptopsyllidae","Dolichopsyllus unidentified",NA,NA,NA,NA,"Slide","Nearctic","United States (Oregon)",NA,NA,NA,NA,NA,NA,NA,NA,NA,NA,12,"Reviewed, 2011, Submitted by F. Shockley, SI.",NA,NA,NA,NA,NA,NA,NA,2016-11-07 20:21:00,"http://n2t.net/ark:/65665/3804101ee-7b1e-4254-897b-a49994eefb9c","NMNH",949,NA,NA,NA,NA,NA,NA,NA,NA,NA,NA,NA,NA,NA,NA,NA,NA,NA,"Dolichopsyllus",NA,"unidentified",NA,NA,NA,"",NA,NA,NA,NA,NA,"specificEpithet flagged"
NA,NA,"Species Inventory","Insecta","Siphonaptera","Ceratophyllidae","Dasypsyllus unidentified",NA,NA,NA,NA,"Slide","Nearctic","United States (Arizona, California, New Mexico, Oregon, Utah)",NA,NA,NA,NA,NA,NA,NA,NA,NA,NA,16,"Reviewed, 2011, Submitted by F. Shockley, SI.",NA,NA,NA,NA,NA,NA,NA,2016-11-07 20:19:00,"http://n2t.net/ark:/65665/39c328b38-b0bf-48c1-9e9a-fcc35181ac92","NMNH",957,NA,NA,NA,NA,NA,NA,NA,NA,NA,NA,NA,NA,NA,NA,NA,NA,NA,"Dasypsyllus",NA,"unidentified",NA,NA,NA,"",NA,NA,NA,NA,NA,"specificEpithet flagged"
NA,NA,"Species Inventory","Insecta","Siphonaptera","Ceratophyllidae","Oropsylla (Oropsylla) unidentified",NA,NA,NA,NA,"Slide","Nearctic","United States (Arizona, Colorado, Idaho, Montana, Nevada, New Mexico, North Dakota, Oregon, Utah, Washington, Wyoming)",NA,NA,NA,NA,NA,NA,NA,NA,NA,NA,315,"Reviewed, 2011, Submitted by F. Shockley, SI.",NA,NA,NA,NA,NA,NA,NA,2016-11-07 20:20:00,"http://n2t.net/ark:/65665/360a7914c-4597-48da-ad67-09726bf128ac","NMNH",963,NA,NA,NA,NA,NA,NA,NA,NA,NA,NA,NA,NA,NA,NA,NA,NA,NA,"Oropsylla","Oropsylla","unidentified",NA,NA,NA,"",NA,NA,NA,NA,NA,"specificEpithet flagged"
NA,NA,"Species Inventory","Insecta","Siphonaptera","Leptopsyllidae","Odontopsyllus unidentified",NA,NA,NA,NA,"Slide","Nearctic","United States (Massachusetts)",NA,NA,NA,NA,NA,NA,NA,NA,NA,NA,2,"Reviewed, 2011, Submitted by F. Shockley, SI.",NA,NA,NA,NA,NA,NA,NA,2016-11-07 20:21:00,"http://n2t.net/ark:/65665/3cbfd4c40-64cf-4669-80e9-a225c4f68237","NMNH",966,NA,NA,NA,NA,NA,NA,NA,NA,NA,NA,NA,NA,NA,NA,NA,NA,NA,"Odontopsyllus",NA,"unidentified",NA,NA,NA,"",NA,NA,NA,NA,NA,"specificEpithet flagged"
NA,NA,"Species Inventory","Insecta","Siphonaptera","Ischnopsyllidae","Nycteridopsylla unidentified",NA,NA,NA,NA,"Slide","Nearctic","United States (Kentucky)",NA,NA,NA,NA,NA,NA,NA,NA,NA,NA,4,"Reviewed, 2011, Submitted by F. Shockley, SI.",NA,NA,NA,NA,NA,NA,NA,2016-11-07 20:21:00,"http://n2t.net/ark:/65665/32a5474eb-686b-4227-8950-50a25bd19511","NMNH",974,NA,NA,NA,NA,NA,NA,NA,NA,NA,NA,NA,NA,NA,NA,NA,NA,NA,"Nycteridopsylla",NA,"unidentified",NA,NA,NA,"",NA,NA,NA,NA,NA,"specificEpithet flagged"
NA,NA,"Species Inventory","Insecta","Siphonaptera","Leptopsyllidae","Peromyscopsylla unidentified",NA,NA,NA,NA,"Slide","Nearctic","United States (California, Colorado, Montana, Washington)",NA,NA,NA,NA,NA,NA,NA,NA,NA,NA,14,"Reviewed, 2011, Submitted by F. Shockley, SI.",NA,NA,NA,NA,NA,NA,NA,2016-11-07 20:21:00,"http://n2t.net/ark:/65665/30fe138f6-d23d-4e41-8721-74b467ee25ae","NMNH",977,NA,NA,NA,NA,NA,NA,NA,NA,NA,NA,NA,NA,NA,NA,NA,NA,NA,"Peromyscopsylla",NA,"unidentified",NA,NA,NA,"",NA,NA,NA,NA,NA,"specificEpithet flagged"
NA,NA,"Species Inventory","Insecta","Siphonaptera","Hystrichopsyllidae","Phalacropsylla unidentified",NA,NA,NA,NA,"Slide","Nearctic","United States (Colorado)",NA,NA,NA,NA,NA,NA,NA,NA,NA,NA,1,"Reviewed, 2011, Submitted by F. Shockley, SI.",NA,NA,NA,NA,NA,NA,NA,2016-11-07 20:21:00,"http://n2t.net/ark:/65665/31cbe7870-85a3-422e-bc57-6d5d77cdcbdd","NMNH",982,NA,NA,NA,NA,NA,NA,NA,NA,NA,NA,NA,NA,NA,NA,NA,NA,NA,"Phalacropsylla",NA,"unidentified",NA,NA,NA,"",NA,NA,NA,NA,NA,"specificEpithet flagged"
NA,NA,"Species Inventory","Insecta","Siphonaptera","Hystrichopsyllidae","Rhadinopsylla unidentified",NA,NA,NA,NA,"Slide","Nearctic","United States (Montana)",NA,NA,NA,NA,NA,NA,NA,NA,NA,NA,8,"Reviewed, 2011, Submitted by F. Shockley, SI.",NA,NA,NA,NA,NA,NA,NA,2016-11-07 20:21:00,"http://n2t.net/ark:/65665/3fb78eb68-8dfe-409f-9d12-2f7e33a89568","NMNH",983,NA,NA,NA,NA,NA,NA,NA,NA,NA,NA,NA,NA,NA,NA,NA,NA,NA,"Rhadinopsylla",NA,"unidentified",NA,NA,NA,"",NA,NA,NA,NA,NA,"specificEpithet flagged"
NA,NA,"Species Inventory","Insecta","Siphonaptera","Hystrichopsyllidae","Anomiopsyllus unidentified",NA,NA,NA,NA,"Slide","Nearctic","United States (Arizona, California, Utah)",NA,NA,NA,NA,NA,NA,NA,NA,NA,NA,59,"Reviewed, 2011, Submitted by F. Shockley, SI.",NA,NA,NA,NA,NA,NA,NA,2016-11-07 20:22:00,"http://n2t.net/ark:/65665/3ee3af487-c8c5-4d18-891d-c9f24bbeb5e6","NMNH",989,NA,NA,NA,NA,NA,NA,NA,NA,NA,NA,NA,NA,NA,NA,NA,NA,NA,"Anomiopsyllus",NA,"unidentified",NA,NA,NA,"",NA,NA,NA,NA,NA,"specificEpithet flagged"
NA,NA,"Species Inventory","Insecta","Siphonaptera","Hystrichopsyllidae","Atyphloceras unidentified",NA,NA,NA,NA,"Slide","Nearctic","United States (California, New Mexico, Oregon, Utah, Washington)",NA,NA,NA,NA,NA,NA,NA,NA,NA,NA,56,"Reviewed, 2011, Submitted by F. Shockley, SI.",NA,NA,NA,NA,NA,NA,NA,2016-11-07 20:17:00,"http://n2t.net/ark:/65665/37906f61c-2644-43a3-8ded-ecf788d68edc","NMNH",992,NA,NA,NA,NA,NA,NA,NA,NA,NA,NA,NA,NA,NA,NA,NA,NA,NA,"Atyphloceras",NA,"unidentified",NA,NA,NA,"",NA,NA,NA,NA,NA,"specificEpithet flagged"
NA,NA,"Species Inventory","Insecta","Siphonaptera","Hystrichopsyllidae","Catallagia unidentified",NA,NA,NA,NA,"Slide","Nearctic","United States (California, Idaho, Montana, New Mexico, Oregon, Washington)",NA,NA,NA,NA,NA,NA,NA,NA,NA,NA,99,"Reviewed, 2011, Submitted by F. Shockley, SI.",NA,NA,NA,NA,NA,NA,NA,2016-11-07 20:17:00,"http://n2t.net/ark:/65665/3351eb0fb-0f54-40f5-8eec-fefc6173adc1","NMNH",998,NA,NA,NA,NA,NA,NA,NA,NA,NA,NA,NA,NA,NA,NA,NA,NA,NA,"Catallagia",NA,"unidentified",NA,NA,NA,"",NA,NA,NA,NA,NA,"specificEpithet flagged"
NA,NA,"Species Inventory","Insecta","Siphonaptera","Hystrichopsyllidae","Corypsylla unidentified",NA,NA,NA,NA,"Slide","Nearctic","United States (Montana, Oregon)",NA,NA,NA,NA,NA,NA,NA,NA,NA,NA,17,"Reviewed, 2011, Submitted by F. Shockley, SI.",NA,NA,NA,NA,NA,NA,NA,2016-11-07 20:17:00,"http://n2t.net/ark:/65665/3b60beaff-f064-4ddc-8367-c864830500d8","NMNH",1004,NA,NA,NA,NA,NA,NA,NA,NA,NA,NA,NA,NA,NA,NA,NA,NA,NA,"Corypsylla",NA,"unidentified",NA,NA,NA,"",NA,NA,NA,NA,NA,"specificEpithet flagged"
NA,NA,"Species Inventory","Insecta","Siphonaptera","Hystrichopsyllidae","Hystrichopsylla unidentified",NA,NA,NA,NA,"Slide","Nearctic","United States (California, Oregon)",NA,NA,NA,NA,NA,NA,NA,NA,NA,NA,4,"Reviewed, 2011, Submitted by F. Shockley, SI.",NA,NA,NA,NA,NA,NA,NA,2016-11-07 20:17:00,"http://n2t.net/ark:/65665/34de7a11a-ab35-4413-bc8c-60f33d2018db","NMNH",1012,NA,NA,NA,NA,NA,NA,NA,NA,NA,NA,NA,NA,NA,NA,NA,NA,NA,"Hystrichopsylla",NA,"unidentified",NA,NA,NA,"",NA,NA,NA,NA,NA,"specificEpithet flagged"
NA,NA,"Species Inventory","Insecta","Siphonaptera","Hystrichopsyllidae","Stenistomera unidentified",NA,NA,NA,NA,"Slide","Nearctic","United States (New Mexico)",NA,NA,NA,NA,NA,NA,NA,NA,NA,NA,1,"Reviewed, 2011, Submitted by F. Shockley, SI.",NA,NA,NA,NA,NA,NA,NA,2016-11-07 20:18:00,"http://n2t.net/ark:/65665/3d03256fd-c53e-4bd1-9be1-f13f1f55f014","NMNH",1023,NA,NA,NA,NA,NA,NA,NA,NA,NA,NA,NA,NA,NA,NA,NA,NA,NA,"Stenistomera",NA,"unidentified",NA,NA,NA,"",NA,NA,NA,NA,NA,"specificEpithet flagged"
NA,NA,"Species Inventory","Insecta","Siphonaptera","Rhopalopsyllidae","Polygenis (Polygenis) unidentified",NA,NA,NA,NA,"Slide","Nearctic","United States (California, Colorado, Texas)",NA,NA,NA,NA,NA,NA,NA,NA,NA,NA,33,"Reviewed, 2011, Submitted by F. Shockley, SI.",NA,NA,NA,NA,NA,NA,NA,2016-11-07 20:18:00,"http://n2t.net/ark:/65665/3dac1fefd-3a41-4cac-81d6-2e3467087a68","NMNH",1025,NA,NA,NA,NA,NA,NA,NA,NA,NA,NA,NA,NA,NA,NA,NA,NA,NA,"Polygenis","Polygenis","unidentified",NA,NA,NA,"",NA,NA,NA,NA,NA,"specificEpithet flagged"
NA,NA,"Species Inventory","Insecta","Siphonaptera","Pulicidae","Euhoplopsyllus unidentified",NA,NA,NA,NA,"Slide","Nearctic","United States (Alaska, Arizona, Colorado, Texas, Utah)",NA,NA,NA,NA,NA,NA,NA,NA,NA,NA,6,"Reviewed, 2011, Submitted by F. Shockley, SI.",NA,NA,NA,NA,NA,NA,NA,2016-11-07 20:18:00,"http://n2t.net/ark:/65665/3b84ae2f2-c20f-41c2-9fe1-d664fbee87f6","NMNH",1030,NA,NA,NA,NA,NA,NA,NA,NA,NA,NA,NA,NA,NA,NA,NA,NA,NA,"Euhoplopsyllus",NA,"unidentified",NA,NA,NA,"",NA,NA,NA,NA,NA,"specificEpithet flagged"
NA,NA,"Species Inventory","Insecta","Siphonaptera","Pulicidae","Hoplopsyllus unidentified",NA,NA,NA,NA,"Slide","Nearctic","United States (California, Colorado, Montana)",NA,NA,NA,NA,NA,NA,NA,NA,NA,NA,15,"Reviewed, 2011, Submitted by F. Shockley, SI.",NA,NA,NA,NA,NA,NA,NA,2016-11-07 20:18:00,"http://n2t.net/ark:/65665/35c9d7b66-373f-4a53-a5a0-d74b5d808d93","NMNH",1031,NA,NA,NA,NA,NA,NA,NA,NA,NA,NA,NA,NA,NA,NA,NA,NA,NA,"Hoplopsyllus",NA,"unidentified",NA,NA,NA,"",NA,NA,NA,NA,NA,"specificEpithet flagged"
NA,NA,"Species Inventory","Insecta","Siphonaptera","Pygiopsyllidae","Pygiopsylla unidentified",NA,NA,NA,NA,"Slide","Afrotropical","Zimbabwe",NA,NA,NA,NA,NA,NA,NA,NA,NA,NA,1,"Reviewed, 2011, Submitted by F. Shockley, SI.",NA,NA,NA,NA,NA,NA,NA,2017-01-04 16:24:00,"http://n2t.net/ark:/65665/3152db124-6f29-4286-b4d8-28e7a4b2451a","NMNH",1046,NA,NA,NA,NA,NA,NA,NA,NA,NA,NA,NA,NA,NA,NA,NA,NA,NA,"Pygiopsylla",NA,"unidentified",NA,NA,NA,"",NA,NA,NA,NA,NA,"specificEpithet flagged"
